phase	start	end	ops	ccx	ccz	hmr	reset
tlm_coord_x_sub	0	6608	6608	330	2	331	590
tlm_coord_y_sub	6608	13216	6608	330	2	331	590
pp_setup	13216	13466	250	0	0	0	0
pp_value_forward	13466	1319751	1306285	98942	0	98942	100853
pp_replay_halving_initial	1319751	1320675	924	88	0	88	89
pp_replay_halving_seed	1320675	1322610	1935	152	0	153	154
pp_replay_halving_ordinary	1322610	1327833	5223	393	0	393	400
pp_replay_halving_ordinary	1327833	1333056	5223	393	0	393	400
pp_replay_halving_ordinary	1333056	1338279	5223	393	0	393	400
pp_replay_halving_ordinary	1338279	1343502	5223	393	0	393	400
pp_replay_halving_ordinary	1343502	1348725	5223	393	0	393	400
pp_replay_halving_ordinary	1348725	1353948	5223	393	0	393	400
pp_replay_halving_ordinary	1353948	1359171	5223	393	0	393	400
pp_replay_halving_ordinary	1359171	1364394	5223	393	0	393	400
pp_replay_halving_ordinary	1364394	1369617	5223	393	0	393	400
pp_replay_halving_ordinary	1369617	1374840	5223	393	0	393	400
pp_replay_halving_ordinary	1374840	1380063	5223	393	0	393	400
pp_replay_halving_ordinary	1380063	1385286	5223	393	0	393	400
pp_replay_halving_ordinary	1385286	1390509	5223	393	0	393	400
pp_replay_halving_ordinary	1390509	1395732	5223	393	0	393	400
pp_replay_halving_ordinary	1395732	1400955	5223	393	0	393	400
pp_replay_halving_ordinary	1400955	1406178	5223	393	0	393	400
pp_replay_halving_ordinary	1406178	1411401	5223	393	0	393	400
pp_replay_halving_ordinary	1411401	1416624	5223	393	0	393	400
pp_replay_halving_ordinary	1416624	1421847	5223	393	0	393	400
pp_replay_halving_ordinary	1421847	1427070	5223	393	0	393	400
pp_replay_halving_ordinary	1427070	1432293	5223	393	0	393	400
pp_replay_halving_ordinary	1432293	1437516	5223	393	0	393	400
pp_replay_halving_ordinary	1437516	1442739	5223	393	0	393	400
pp_replay_halving_ordinary	1442739	1447962	5223	393	0	393	400
pp_replay_halving_ordinary	1447962	1453185	5223	393	0	393	400
pp_replay_halving_ordinary	1453185	1458408	5223	393	0	393	400
pp_replay_halving_ordinary	1458408	1463631	5223	393	0	393	400
pp_replay_halving_ordinary	1463631	1468854	5223	393	0	393	400
pp_replay_halving_ordinary	1468854	1474077	5223	393	0	393	400
pp_replay_halving_ordinary	1474077	1479300	5223	393	0	393	400
pp_replay_halving_ordinary	1479300	1484523	5223	393	0	393	400
pp_replay_halving_ordinary	1484523	1489746	5223	393	0	393	400
pp_replay_halving_ordinary	1489746	1494969	5223	393	0	393	400
pp_replay_halving_ordinary	1494969	1500192	5223	393	0	393	400
pp_replay_halving_ordinary	1500192	1505415	5223	393	0	393	400
pp_replay_halving_ordinary	1505415	1510638	5223	393	0	393	400
pp_replay_halving_ordinary	1510638	1515861	5223	393	0	393	400
pp_replay_halving_ordinary	1515861	1521084	5223	393	0	393	400
pp_replay_halving_ordinary	1521084	1526307	5223	393	0	393	400
pp_replay_halving_ordinary	1526307	1531530	5223	393	0	393	400
pp_replay_halving_ordinary	1531530	1536753	5223	393	0	393	400
pp_replay_halving_ordinary	1536753	1541976	5223	393	0	393	400
pp_replay_halving_ordinary	1541976	1547199	5223	393	0	393	400
pp_replay_halving_ordinary	1547199	1552422	5223	393	0	393	400
pp_replay_halving_ordinary	1552422	1557645	5223	393	0	393	400
pp_replay_halving_ordinary	1557645	1562868	5223	393	0	393	400
pp_replay_halving_ordinary	1562868	1568091	5223	393	0	393	400
pp_replay_halving_ordinary	1568091	1573314	5223	393	0	393	400
pp_replay_halving_ordinary	1573314	1578537	5223	393	0	393	400
pp_replay_halving_ordinary	1578537	1583760	5223	393	0	393	400
pp_replay_halving_ordinary	1583760	1588983	5223	393	0	393	400
pp_replay_halving_ordinary	1588983	1594206	5223	393	0	393	400
pp_replay_halving_ordinary	1594206	1599429	5223	393	0	393	400
pp_replay_halving_ordinary	1599429	1604652	5223	393	0	393	400
pp_replay_halving_ordinary	1604652	1609875	5223	393	0	393	400
pp_replay_halving_ordinary	1609875	1615098	5223	393	0	393	400
pp_replay_halving_ordinary	1615098	1620321	5223	393	0	393	400
pp_replay_halving_ordinary	1620321	1625544	5223	393	0	393	400
pp_replay_halving_ordinary	1625544	1630767	5223	393	0	393	400
pp_replay_halving_ordinary	1630767	1635990	5223	393	0	393	400
pp_replay_halving_ordinary	1635990	1641213	5223	393	0	393	400
pp_replay_halving_ordinary	1641213	1646436	5223	393	0	393	400
pp_replay_halving_ordinary	1646436	1651659	5223	393	0	393	400
pp_replay_halving_ordinary	1651659	1656882	5223	393	0	393	400
pp_replay_halving_ordinary	1656882	1662105	5223	393	0	393	400
pp_replay_halving_ordinary	1662105	1667328	5223	393	0	393	400
pp_replay_halving_ordinary	1667328	1672551	5223	393	0	393	400
pp_replay_halving_ordinary	1672551	1677774	5223	393	0	393	400
pp_replay_halving_ordinary	1677774	1682997	5223	393	0	393	400
pp_replay_halving_ordinary	1682997	1688220	5223	393	0	393	400
pp_replay_halving_ordinary	1688220	1693443	5223	393	0	393	400
pp_replay_halving_ordinary	1693443	1698666	5223	393	0	393	400
pp_replay_halving_ordinary	1698666	1703889	5223	393	0	393	400
pp_replay_halving_ordinary	1703889	1709112	5223	393	0	393	400
pp_replay_halving_ordinary	1709112	1714335	5223	393	0	393	400
pp_replay_halving_ordinary	1714335	1719558	5223	393	0	393	400
pp_replay_halving_ordinary	1719558	1724781	5223	393	0	393	400
pp_replay_halving_ordinary	1724781	1730004	5223	393	0	393	400
pp_replay_halving_ordinary	1730004	1735227	5223	393	0	393	400
pp_replay_halving_ordinary	1735227	1740450	5223	393	0	393	400
pp_replay_halving_ordinary	1740450	1745673	5223	393	0	393	400
pp_replay_halving_ordinary	1745673	1750896	5223	393	0	393	400
pp_replay_halving_ordinary	1750896	1756119	5223	393	0	393	400
pp_replay_halving_ordinary	1756119	1761342	5223	393	0	393	400
pp_replay_halving_ordinary	1761342	1766565	5223	393	0	393	400
pp_replay_halving_ordinary	1766565	1771788	5223	393	0	393	400
pp_replay_halving_ordinary	1771788	1777011	5223	393	0	393	400
pp_replay_halving_ordinary	1777011	1782234	5223	393	0	393	400
pp_replay_halving_ordinary	1782234	1787457	5223	393	0	393	400
pp_replay_halving_ordinary	1787457	1792680	5223	393	0	393	400
pp_replay_halving_ordinary	1792680	1797903	5223	393	0	393	400
pp_replay_halving_ordinary	1797903	1803126	5223	393	0	393	400
pp_replay_halving_ordinary	1803126	1808349	5223	393	0	393	400
pp_replay_halving_ordinary	1808349	1813572	5223	393	0	393	400
pp_replay_halving_ordinary	1813572	1818795	5223	393	0	393	400
pp_replay_halving_ordinary	1818795	1824018	5223	393	0	393	400
pp_replay_halving_ordinary	1824018	1829241	5223	393	0	393	400
pp_replay_halving_ordinary	1829241	1834464	5223	393	0	393	400
pp_replay_halving_ordinary	1834464	1839687	5223	393	0	393	400
pp_replay_halving_ordinary	1839687	1844910	5223	393	0	393	400
pp_replay_halving_ordinary	1844910	1850133	5223	393	0	393	400
pp_replay_halving_ordinary	1850133	1855356	5223	393	0	393	400
pp_replay_halving_ordinary	1855356	1860579	5223	393	0	393	400
pp_replay_halving_ordinary	1860579	1865802	5223	393	0	393	400
pp_replay_halving_ordinary	1865802	1871025	5223	393	0	393	400
pp_replay_halving_ordinary	1871025	1876248	5223	393	0	393	400
pp_replay_halving_ordinary	1876248	1881471	5223	393	0	393	400
pp_replay_halving_ordinary	1881471	1886694	5223	393	0	393	400
pp_replay_halving_ordinary	1886694	1891917	5223	393	0	393	400
pp_replay_halving_ordinary	1891917	1897140	5223	393	0	393	400
pp_replay_halving_ordinary	1897140	1902363	5223	393	0	393	400
pp_replay_halving_ordinary	1902363	1907586	5223	393	0	393	400
pp_replay_halving_ordinary	1907586	1912809	5223	393	0	393	400
pp_replay_halving_ordinary	1912809	1918032	5223	393	0	393	400
pp_replay_halving_ordinary	1918032	1923255	5223	393	0	393	400
pp_replay_halving_ordinary	1923255	1928478	5223	393	0	393	400
pp_replay_halving_ordinary	1928478	1933701	5223	393	0	393	400
pp_replay_halving_ordinary	1933701	1938924	5223	393	0	393	400
pp_replay_halving_ordinary	1938924	1944147	5223	393	0	393	400
pp_replay_halving_ordinary	1944147	1949370	5223	393	0	393	400
pp_replay_halving_ordinary	1949370	1954593	5223	393	0	393	400
pp_replay_halving_ordinary	1954593	1959816	5223	393	0	393	400
pp_replay_halving_ordinary	1959816	1965039	5223	393	0	393	400
pp_replay_halving_ordinary	1965039	1970262	5223	393	0	393	400
pp_replay_halving_ordinary	1970262	1975485	5223	393	0	393	400
pp_replay_halving_ordinary	1975485	1980708	5223	393	0	393	400
pp_replay_halving_ordinary	1980708	1985931	5223	393	0	393	400
pp_replay_halving_ordinary	1985931	1991154	5223	393	0	393	400
pp_replay_halving_ordinary	1991154	1996377	5223	393	0	393	400
pp_replay_halving_ordinary	1996377	2001600	5223	393	0	393	400
pp_replay_halving_ordinary	2001600	2006823	5223	393	0	393	400
pp_replay_halving_ordinary	2006823	2012046	5223	393	0	393	400
pp_replay_halving_ordinary	2012046	2017269	5223	393	0	393	400
pp_replay_halving_ordinary	2017269	2022492	5223	393	0	393	400
pp_replay_halving_ordinary	2022492	2027715	5223	393	0	393	400
pp_replay_halving_ordinary	2027715	2032938	5223	393	0	393	400
pp_replay_halving_ordinary	2032938	2038161	5223	393	0	393	400
pp_replay_halving_ordinary	2038161	2043384	5223	393	0	393	400
pp_replay_halving_ordinary	2043384	2048607	5223	393	0	393	400
pp_replay_halving_ordinary	2048607	2053830	5223	393	0	393	400
pp_replay_halving_ordinary	2053830	2059053	5223	393	0	393	400
pp_replay_halving_ordinary	2059053	2064276	5223	393	0	393	400
pp_replay_halving_ordinary	2064276	2069499	5223	393	0	393	400
pp_replay_halving_ordinary	2069499	2074722	5223	393	0	393	400
pp_replay_halving_ordinary	2074722	2079945	5223	393	0	393	400
pp_replay_halving_ordinary	2079945	2085168	5223	393	0	393	400
pp_replay_halving_ordinary	2085168	2090391	5223	393	0	393	400
pp_replay_halving_ordinary	2090391	2095614	5223	393	0	393	400
pp_replay_halving_ordinary	2095614	2100837	5223	393	0	393	400
pp_replay_halving_ordinary	2100837	2106060	5223	393	0	393	400
pp_replay_halving_ordinary	2106060	2111283	5223	393	0	393	400
pp_replay_halving_ordinary	2111283	2116506	5223	393	0	393	400
pp_replay_halving_ordinary	2116506	2121729	5223	393	0	393	400
pp_replay_halving_ordinary	2121729	2126952	5223	393	0	393	400
pp_replay_halving_ordinary	2126952	2132175	5223	393	0	393	400
pp_replay_halving_ordinary	2132175	2137398	5223	393	0	393	400
pp_replay_halving_ordinary	2137398	2142621	5223	393	0	393	400
pp_replay_halving_ordinary	2142621	2147844	5223	393	0	393	400
pp_replay_halving_ordinary	2147844	2153067	5223	393	0	393	400
pp_replay_halving_ordinary	2153067	2158290	5223	393	0	393	400
pp_replay_halving_ordinary	2158290	2163513	5223	393	0	393	400
pp_replay_halving_ordinary	2163513	2168736	5223	393	0	393	400
pp_replay_halving_ordinary	2168736	2173959	5223	393	0	393	400
pp_replay_halving_ordinary	2173959	2179182	5223	393	0	393	400
pp_replay_halving_ordinary	2179182	2184405	5223	393	0	393	400
pp_replay_halving_ordinary	2184405	2189628	5223	393	0	393	400
pp_replay_halving_ordinary	2189628	2194851	5223	393	0	393	400
pp_replay_halving_ordinary	2194851	2200074	5223	393	0	393	400
pp_replay_halving_ordinary	2200074	2205297	5223	393	0	393	400
pp_replay_halving_ordinary	2205297	2210520	5223	393	0	393	400
pp_replay_halving_ordinary	2210520	2215743	5223	393	0	393	400
pp_replay_halving_ordinary	2215743	2220966	5223	393	0	393	400
pp_replay_halving_ordinary	2220966	2226189	5223	393	0	393	400
pp_replay_halving_ordinary	2226189	2231412	5223	393	0	393	400
pp_replay_halving_ordinary	2231412	2236635	5223	393	0	393	400
pp_replay_halving_ordinary	2236635	2241858	5223	393	0	393	400
pp_replay_halving_ordinary	2241858	2247081	5223	393	0	393	400
pp_replay_halving_ordinary	2247081	2252304	5223	393	0	393	400
pp_replay_halving_ordinary	2252304	2257527	5223	393	0	393	400
pp_replay_halving_ordinary	2257527	2262750	5223	393	0	393	400
pp_replay_halving_ordinary	2262750	2267973	5223	393	0	393	400
pp_replay_halving_ordinary	2267973	2273196	5223	393	0	393	400
pp_replay_halving_ordinary	2273196	2278419	5223	393	0	393	400
pp_replay_halving_ordinary	2278419	2283642	5223	393	0	393	400
pp_replay_halving_ordinary	2283642	2288865	5223	393	0	393	400
pp_replay_halving_ordinary	2288865	2294088	5223	393	0	393	400
pp_replay_halving_ordinary	2294088	2299311	5223	393	0	393	400
pp_replay_halving_ordinary	2299311	2304534	5223	393	0	393	400
pp_replay_halving_ordinary	2304534	2309757	5223	393	0	393	400
pp_replay_halving_ordinary	2309757	2314980	5223	393	0	393	400
pp_replay_halving_ordinary	2314980	2320203	5223	393	0	393	400
pp_replay_halving_ordinary	2320203	2325426	5223	393	0	393	400
pp_replay_halving_ordinary	2325426	2330649	5223	393	0	393	400
pp_replay_halving_ordinary	2330649	2335872	5223	393	0	393	400
pp_replay_halving_ordinary	2335872	2341095	5223	393	0	393	400
pp_replay_halving_ordinary	2341095	2346318	5223	393	0	393	400
pp_replay_halving_ordinary	2346318	2351541	5223	393	0	393	400
pp_replay_halving_ordinary	2351541	2356764	5223	393	0	393	400
pp_replay_halving_ordinary	2356764	2361987	5223	393	0	393	400
pp_replay_halving_ordinary	2361987	2367210	5223	393	0	393	400
pp_replay_halving_ordinary	2367210	2372433	5223	393	0	393	400
pp_replay_halving_ordinary	2372433	2377656	5223	393	0	393	400
pp_replay_halving_ordinary	2377656	2382879	5223	393	0	393	400
pp_replay_halving_ordinary	2382879	2388102	5223	393	0	393	400
pp_replay_halving_ordinary	2388102	2393325	5223	393	0	393	400
pp_replay_halving_ordinary	2393325	2398548	5223	393	0	393	400
pp_replay_halving_ordinary	2398548	2403771	5223	393	0	393	400
pp_replay_halving_ordinary	2403771	2408994	5223	393	0	393	400
pp_replay_halving_ordinary	2408994	2414217	5223	393	0	393	400
pp_replay_halving_ordinary	2414217	2419440	5223	393	0	393	400
pp_replay_halving_ordinary	2419440	2424663	5223	393	0	393	400
pp_replay_halving_ordinary	2424663	2429886	5223	393	0	393	400
pp_replay_halving_ordinary	2429886	2435109	5223	393	0	393	400
pp_replay_halving_ordinary	2435109	2440332	5223	393	0	393	400
pp_replay_halving_ordinary	2440332	2445555	5223	393	0	393	400
pp_replay_halving_ordinary	2445555	2450778	5223	393	0	393	400
pp_replay_halving_ordinary	2450778	2456001	5223	393	0	393	400
pp_replay_halving_ordinary	2456001	2461224	5223	393	0	393	400
pp_replay_halving_ordinary	2461224	2466447	5223	393	0	393	400
pp_replay_halving_ordinary	2466447	2471670	5223	393	0	393	400
pp_replay_halving_ordinary	2471670	2476893	5223	393	0	393	400
pp_replay_halving_ordinary	2476893	2482116	5223	393	0	393	400
pp_replay_halving_ordinary	2482116	2487339	5223	393	0	393	400
pp_replay_halving_ordinary	2487339	2492562	5223	393	0	393	400
pp_replay_halving_ordinary	2492562	2497785	5223	393	0	393	400
pp_replay_halving_ordinary	2497785	2503008	5223	393	0	393	400
pp_replay_halving_ordinary	2503008	2508231	5223	393	0	393	400
pp_replay_halving_ordinary	2508231	2513454	5223	393	0	393	400
pp_replay_halving_ordinary	2513454	2518677	5223	393	0	393	400
pp_replay_halving_ordinary	2518677	2523900	5223	393	0	393	400
pp_replay_halving_ordinary	2523900	2529123	5223	393	0	393	400
pp_replay_halving_ordinary	2529123	2534346	5223	393	0	393	400
pp_replay_halving_ordinary	2534346	2539569	5223	393	0	393	400
pp_replay_halving_ordinary	2539569	2544792	5223	393	0	393	400
pp_replay_halving_ordinary	2544792	2550015	5223	393	0	393	400
pp_replay_halving_ordinary	2550015	2555238	5223	393	0	393	400
pp_replay_halving_ordinary	2555238	2560461	5223	393	0	393	400
pp_replay_halving_ordinary	2560461	2565684	5223	393	0	393	400
pp_replay_halving_ordinary	2565684	2570907	5223	393	0	393	400
pp_replay_halving_ordinary	2570907	2576130	5223	393	0	393	400
pp_replay_halving_ordinary	2576130	2581353	5223	393	0	393	400
pp_replay_halving_ordinary	2581353	2586576	5223	393	0	393	400
pp_replay_halving_ordinary	2586576	2591799	5223	393	0	393	400
pp_replay_halving_ordinary	2591799	2597022	5223	393	0	393	400
pp_replay_halving_ordinary	2597022	2602245	5223	393	0	393	400
pp_replay_halving_ordinary	2602245	2607468	5223	393	0	393	400
pp_replay_halving_ordinary	2607468	2612691	5223	393	0	393	400
pp_replay_halving_ordinary	2612691	2617914	5223	393	0	393	400
pp_replay_halving_ordinary	2617914	2623137	5223	393	0	393	400
pp_replay_halving_ordinary	2623137	2628360	5223	393	0	393	400
pp_replay_halving_ordinary	2628360	2633583	5223	393	0	393	400
pp_replay_halving_ordinary	2633583	2638806	5223	393	0	393	400
pp_replay_halving_ordinary	2638806	2644029	5223	393	0	393	400
pp_replay_halving_ordinary	2644029	2649252	5223	393	0	393	400
pp_replay_halving_ordinary	2649252	2654475	5223	393	0	393	400
pp_replay_halving_ordinary	2654475	2659698	5223	393	0	393	400
pp_replay_halving_ordinary	2659698	2664921	5223	393	0	393	400
pp_replay_halving_ordinary	2664921	2670144	5223	393	0	393	400
pp_replay_halving_ordinary	2670144	2675367	5223	393	0	393	400
pp_replay_halving_ordinary	2675367	2680590	5223	393	0	393	400
pp_replay_halving_ordinary	2680590	2685813	5223	393	0	393	400
pp_replay_halving_ordinary	2685813	2691036	5223	393	0	393	400
pp_replay_halving_ordinary	2691036	2696259	5223	393	0	393	400
pp_replay_halving_ordinary	2696259	2701482	5223	393	0	393	400
pp_replay_halving_ordinary	2701482	2706705	5223	393	0	393	400
pp_replay_halving_ordinary	2706705	2711928	5223	393	0	393	400
pp_replay_halving_ordinary	2711928	2717151	5223	393	0	393	400
pp_replay_halving_ordinary	2717151	2722374	5223	393	0	393	400
pp_replay_halving_ordinary	2722374	2727597	5223	393	0	393	400
pp_replay_halving_ordinary	2727597	2732820	5223	393	0	393	400
pp_replay_halving_ordinary	2732820	2738043	5223	393	0	393	400
pp_replay_halving_ordinary	2738043	2743266	5223	393	0	393	400
pp_replay_halving_ordinary	2743266	2748489	5223	393	0	393	400
pp_replay_halving_ordinary	2748489	2753712	5223	393	0	393	400
pp_replay_halving_ordinary	2753712	2758935	5223	393	0	393	400
pp_replay_halving_ordinary	2758935	2764158	5223	393	0	393	400
pp_replay_halving_ordinary	2764158	2769381	5223	393	0	393	400
pp_replay_halving_ordinary	2769381	2774604	5223	393	0	393	400
pp_replay_halving_ordinary	2774604	2779827	5223	393	0	393	400
pp_replay_halving_ordinary	2779827	2785050	5223	393	0	393	400
pp_replay_halving_ordinary	2785050	2790273	5223	393	0	393	400
pp_replay_halving_ordinary	2790273	2795496	5223	393	0	393	400
pp_replay_halving_ordinary	2795496	2800719	5223	393	0	393	400
pp_replay_halving_ordinary	2800719	2805942	5223	393	0	393	400
pp_replay_halving_ordinary	2805942	2811165	5223	393	0	393	400
pp_replay_halving_ordinary	2811165	2816388	5223	393	0	393	400
pp_replay_halving_ordinary	2816388	2821611	5223	393	0	393	400
pp_replay_halving_ordinary	2821611	2826834	5223	393	0	393	400
pp_replay_halving_ordinary	2826834	2832057	5223	393	0	393	400
pp_replay_halving_ordinary	2832057	2837280	5223	393	0	393	400
pp_replay_halving_ordinary	2837280	2842503	5223	393	0	393	400
pp_replay_halving_ordinary	2842503	2847726	5223	393	0	393	400
pp_replay_halving_ordinary	2847726	2852949	5223	393	0	393	400
pp_replay_halving_ordinary	2852949	2858172	5223	393	0	393	400
pp_replay_halving_ordinary	2858172	2863395	5223	393	0	393	400
pp_replay_halving_ordinary	2863395	2868618	5223	393	0	393	400
pp_replay_halving_ordinary	2868618	2873841	5223	393	0	393	400
pp_replay_halving_ordinary	2873841	2879064	5223	393	0	393	400
pp_replay_halving_ordinary	2879064	2884287	5223	393	0	393	400
pp_replay_halving_ordinary	2884287	2889510	5223	393	0	393	400
pp_replay_halving_ordinary	2889510	2894733	5223	393	0	393	400
pp_replay_halving_ordinary	2894733	2899956	5223	393	0	393	400
pp_replay_halving_ordinary	2899956	2905179	5223	393	0	393	400
pp_replay_halving_ordinary	2905179	2910402	5223	393	0	393	400
pp_replay_halving_ordinary	2910402	2915625	5223	393	0	393	400
pp_replay_halving_ordinary	2915625	2920848	5223	393	0	393	400
pp_replay_halving_ordinary	2920848	2926071	5223	393	0	393	400
pp_replay_halving_ordinary	2926071	2931294	5223	393	0	393	400
pp_replay_halving_ordinary	2931294	2936517	5223	393	0	393	400
pp_replay_halving_ordinary	2936517	2941740	5223	393	0	393	400
pp_replay_halving_ordinary	2941740	2946963	5223	393	0	393	400
pp_replay_halving_ordinary	2946963	2952186	5223	393	0	393	400
pp_replay_halving_ordinary	2952186	2957409	5223	393	0	393	400
pp_replay_halving_ordinary	2957409	2962632	5223	393	0	393	400
pp_replay_halving_ordinary	2962632	2967855	5223	393	0	393	400
pp_replay_halving_ordinary	2967855	2973078	5223	393	0	393	400
pp_replay_halving_ordinary	2973078	2978301	5223	393	0	393	400
pp_replay_halving_ordinary	2978301	2983524	5223	393	0	393	400
pp_replay_halving_ordinary	2983524	2988747	5223	393	0	393	400
pp_replay_halving_ordinary	2988747	2993970	5223	393	0	393	400
pp_replay_halving_ordinary	2993970	2999193	5223	393	0	393	400
pp_replay_halving_ordinary	2999193	3004416	5223	393	0	393	400
pp_replay_halving_ordinary	3004416	3009639	5223	393	0	393	400
pp_replay_halving_ordinary	3009639	3014862	5223	393	0	393	400
pp_replay_halving_ordinary	3014862	3020085	5223	393	0	393	400
pp_replay_halving_ordinary	3020085	3025308	5223	393	0	393	400
pp_replay_halving_ordinary	3025308	3030531	5223	393	0	393	400
pp_replay_halving_ordinary	3030531	3035754	5223	393	0	393	400
pp_replay_halving_ordinary	3035754	3040977	5223	393	0	393	400
pp_replay_halving_ordinary	3040977	3046200	5223	393	0	393	400
pp_replay_halving_ordinary	3046200	3051423	5223	393	0	393	400
pp_replay_halving_ordinary	3051423	3056646	5223	393	0	393	400
pp_replay_halving_ordinary	3056646	3061869	5223	393	0	393	400
pp_replay_halving_ordinary	3061869	3067092	5223	393	0	393	400
pp_replay_halving_ordinary	3067092	3072315	5223	393	0	393	400
pp_replay_halving_ordinary	3072315	3077538	5223	393	0	393	400
pp_replay_halving_ordinary	3077538	3082761	5223	393	0	393	400
pp_replay_halving_ordinary	3082761	3087984	5223	393	0	393	400
pp_replay_halving_ordinary	3087984	3093207	5223	393	0	393	400
pp_replay_halving_ordinary	3093207	3098430	5223	393	0	393	400
pp_replay_halving_ordinary	3098430	3103653	5223	393	0	393	400
pp_replay_halving_ordinary	3103653	3108876	5223	393	0	393	400
pp_replay_halving_ordinary	3108876	3114099	5223	393	0	393	400
pp_replay_halving_ordinary	3114099	3119322	5223	393	0	393	400
pp_replay_halving_ordinary	3119322	3124545	5223	393	0	393	400
pp_replay_halving_ordinary	3124545	3129768	5223	393	0	393	400
pp_replay_halving_ordinary	3129768	3134991	5223	393	0	393	400
pp_replay_halving_ordinary	3134991	3140214	5223	393	0	393	400
pp_replay_halving_ordinary	3140214	3145437	5223	393	0	393	400
pp_replay_halving_ordinary	3145437	3150660	5223	393	0	393	400
pp_replay_halving_ordinary	3150660	3155883	5223	393	0	393	400
pp_replay_halving_ordinary	3155883	3161106	5223	393	0	393	400
pp_replay_halving_ordinary	3161106	3166329	5223	393	0	393	400
pp_replay_halving_ordinary	3166329	3171552	5223	393	0	393	400
pp_replay_halving_ordinary	3171552	3176775	5223	393	0	393	400
pp_replay_halving_ordinary	3176775	3181998	5223	393	0	393	400
pp_replay_halving_ordinary	3181998	3187221	5223	393	0	393	400
pp_replay_halving_ordinary	3187221	3192444	5223	393	0	393	400
pp_replay_halving_ordinary	3192444	3197667	5223	393	0	393	400
pp_replay_halving_ordinary	3197667	3202890	5223	393	0	393	400
pp_replay_halving_ordinary	3202890	3208113	5223	393	0	393	400
pp_replay_halving_ordinary	3208113	3213336	5223	393	0	393	400
pp_replay_halving_ordinary	3213336	3218559	5223	393	0	393	400
pp_replay_halving_ordinary	3218559	3223782	5223	393	0	393	400
pp_replay_halving_ordinary	3223782	3229005	5223	393	0	393	400
pp_replay_halving_ordinary	3229005	3234228	5223	393	0	393	400
pp_replay_halving_ordinary	3234228	3239451	5223	393	0	393	400
pp_replay_halving_ordinary	3239451	3244674	5223	393	0	393	400
pp_replay_halving_ordinary	3244674	3249897	5223	393	0	393	400
pp_replay_halving_ordinary	3249897	3255120	5223	393	0	393	400
pp_replay_halving_ordinary	3255120	3260343	5223	393	0	393	400
pp_replay_halving_ordinary	3260343	3265566	5223	393	0	393	400
pp_replay_halving_ordinary	3265566	3270789	5223	393	0	393	400
pp_replay_halving_ordinary	3270789	3276012	5223	393	0	393	400
pp_replay_halving_ordinary	3276012	3281235	5223	393	0	393	400
pp_replay_halving_ordinary	3281235	3286458	5223	393	0	393	400
pp_replay_halving_ordinary	3286458	3291681	5223	393	0	393	400
pp_replay_halving_ordinary	3291681	3296904	5223	393	0	393	400
pp_replay_halving_ordinary	3296904	3302127	5223	393	0	393	400
pp_replay_halving_ordinary	3302127	3307350	5223	393	0	393	400
pp_replay_halving_ordinary	3307350	3312573	5223	393	0	393	400
pp_replay_halving_ordinary	3312573	3317796	5223	393	0	393	400
pp_replay_halving_ordinary	3317796	3323019	5223	393	0	393	400
pp_replay_halving_ordinary	3323019	3328242	5223	393	0	393	400
pp_replay_halving_ordinary	3328242	3333465	5223	393	0	393	400
pp_replay_halving_ordinary	3333465	3338688	5223	393	0	393	400
pp_replay_halving_ordinary	3338688	3343911	5223	393	0	393	400
pp_replay_halving_ordinary	3343911	3349134	5223	393	0	393	400
pp_replay_halving_ordinary	3349134	3354357	5223	393	0	393	400
pp_replay_halving_ordinary	3354357	3359580	5223	393	0	393	400
pp_replay_halving_ordinary	3359580	3364803	5223	393	0	393	400
pp_replay_halving_ordinary	3364803	3370026	5223	393	0	393	400
pp_replay_halving_ordinary	3370026	3375249	5223	393	0	393	400
pp_replay_halving_ordinary	3375249	3380472	5223	393	0	393	400
pp_replay_halving_ordinary	3380472	3385695	5223	393	0	393	400
pp_replay_halving_ordinary	3385695	3390918	5223	393	0	393	400
pp_replay_halving_ordinary	3390918	3396141	5223	393	0	393	400
pp_replay_halving_ordinary	3396141	3401364	5223	393	0	393	400
pp_replay_halving_ordinary	3401364	3406587	5223	393	0	393	400
pp_replay_halving_ordinary	3406587	3411810	5223	393	0	393	400
pp_replay_halving_ordinary	3411810	3417033	5223	393	0	393	400
pp_replay_halving_ordinary	3417033	3422256	5223	393	0	393	400
pp_replay_halving_ordinary	3422256	3427479	5223	393	0	393	400
pp_replay_halving_ordinary	3427479	3432702	5223	393	0	393	400
pp_replay_halving_ordinary	3432702	3437925	5223	393	0	393	400
pp_replay_halving_ordinary	3437925	3443148	5223	393	0	393	400
pp_replay_halving_ordinary	3443148	3448371	5223	393	0	393	400
pp_replay_halving_ordinary	3448371	3453594	5223	393	0	393	400
pp_replay_halving_ordinary	3453594	3458817	5223	393	0	393	400
pp_replay_halving_ordinary	3458817	3464040	5223	393	0	393	400
pp_replay_halving_ordinary	3464040	3469263	5223	393	0	393	400
pp_replay_halving_ordinary	3469263	3474486	5223	393	0	393	400
pp_replay_halving_ordinary	3474486	3479709	5223	393	0	393	400
pp_replay_halving_ordinary	3479709	3484932	5223	393	0	393	400
pp_replay_halving_ordinary	3484932	3490155	5223	393	0	393	400
pp_replay_halving_ordinary	3490155	3495378	5223	393	0	393	400
pp_replay_halving_ordinary	3495378	3500601	5223	393	0	393	400
pp_replay_halving_ordinary	3500601	3505824	5223	393	0	393	400
pp_replay_halving_ordinary	3505824	3511047	5223	393	0	393	400
pp_replay_halving_ordinary	3511047	3516270	5223	393	0	393	400
pp_replay_halving_ordinary	3516270	3521493	5223	393	0	393	400
pp_replay_halving_ordinary	3521493	3526716	5223	393	0	393	400
pp_replay_halving_ordinary	3526716	3531939	5223	393	0	393	400
pp_replay_halving_ordinary	3531939	3537162	5223	393	0	393	400
pp_replay_halving_ordinary	3537162	3542385	5223	393	0	393	400
pp_replay_halving_ordinary	3542385	3547608	5223	393	0	393	400
pp_replay_halving_ordinary	3547608	3552831	5223	393	0	393	400
pp_replay_halving_ordinary	3552831	3558054	5223	393	0	393	400
pp_replay_halving_ordinary	3558054	3563277	5223	393	0	393	400
pp_replay_halving_ordinary	3563277	3568500	5223	393	0	393	400
pp_replay_halving_ordinary	3568500	3573723	5223	393	0	393	400
pp_replay_halving_ordinary	3573723	3578946	5223	393	0	393	400
pp_replay_halving_ordinary	3578946	3584169	5223	393	0	393	400
pp_replay_halving_ordinary	3584169	3589392	5223	393	0	393	400
pp_replay_halving_ordinary	3589392	3594615	5223	393	0	393	400
pp_replay_halving_ordinary	3594615	3599838	5223	393	0	393	400
pp_replay_halving_ordinary	3599838	3605061	5223	393	0	393	400
pp_replay_halving_ordinary	3605061	3610284	5223	393	0	393	400
pp_replay_halving_ordinary	3610284	3615507	5223	393	0	393	400
pp_replay_halving_ordinary	3615507	3620730	5223	393	0	393	400
pp_replay_halving_ordinary	3620730	3625953	5223	393	0	393	400
pp_replay_halving_ordinary	3625953	3631176	5223	393	0	393	400
pp_replay_halving_ordinary	3631176	3636399	5223	393	0	393	400
pp_replay_halving_ordinary	3636399	3641622	5223	393	0	393	400
pp_replay_halving_ordinary	3641622	3646845	5223	393	0	393	400
pp_replay_halving_ordinary	3646845	3652068	5223	393	0	393	400
pp_replay_halving_ordinary	3652068	3657291	5223	393	0	393	400
pp_replay_halving_ordinary	3657291	3662514	5223	393	0	393	400
pp_replay_halving_ordinary	3662514	3667737	5223	393	0	393	400
pp_replay_halving_ordinary	3667737	3672960	5223	393	0	393	400
pp_replay_halving_ordinary	3672960	3678183	5223	393	0	393	400
pp_replay_halving_ordinary	3678183	3683406	5223	393	0	393	400
pp_replay_halving_ordinary	3683406	3688629	5223	393	0	393	400
pp_replay_halving_ordinary	3688629	3693852	5223	393	0	393	400
pp_replay_halving_ordinary	3693852	3699075	5223	393	0	393	400
pp_replay_halving_ordinary	3699075	3704298	5223	393	0	393	400
pp_replay_halving_ordinary	3704298	3709521	5223	393	0	393	400
pp_replay_halving_ordinary	3709521	3714744	5223	393	0	393	400
pp_replay_halving_ordinary	3714744	3719967	5223	393	0	393	400
pp_replay_halving_ordinary	3719967	3725190	5223	393	0	393	400
pp_replay_halving_ordinary	3725190	3730413	5223	393	0	393	400
pp_replay_halving_ordinary	3730413	3735636	5223	393	0	393	400
pp_replay_halving_ordinary	3735636	3740859	5223	393	0	393	400
pp_replay_halving_ordinary	3740859	3746082	5223	393	0	393	400
pp_replay_halving_ordinary	3746082	3751305	5223	393	0	393	400
pp_replay_halving_ordinary	3751305	3756528	5223	393	0	393	400
pp_replay_halving_ordinary	3756528	3761751	5223	393	0	393	400
pp_replay_halving_ordinary	3761751	3766974	5223	393	0	393	400
pp_replay_halving_ordinary	3766974	3772197	5223	393	0	393	400
pp_replay_halving_ordinary	3772197	3777420	5223	393	0	393	400
pp_replay_halving_ordinary	3777420	3782643	5223	393	0	393	400
pp_replay_halving_ordinary	3782643	3787866	5223	393	0	393	400
pp_replay_halving_ordinary	3787866	3793089	5223	393	0	393	400
pp_replay_halving_ordinary	3793089	3798312	5223	393	0	393	400
pp_replay_halving_ordinary	3798312	3803535	5223	393	0	393	400
pp_replay_halving_ordinary	3803535	3808758	5223	393	0	393	400
pp_replay_halving_ordinary	3808758	3813981	5223	393	0	393	400
pp_replay_halving_ordinary	3813981	3819204	5223	393	0	393	400
pp_replay_halving_ordinary	3819204	3824427	5223	393	0	393	400
pp_replay_halving_ordinary	3824427	3829650	5223	393	0	393	400
pp_replay_halving_ordinary	3829650	3834873	5223	393	0	393	400
pp_replay_halving_ordinary	3834873	3840096	5223	393	0	393	400
pp_replay_halving_ordinary	3840096	3845319	5223	393	0	393	400
pp_replay_halving_ordinary	3845319	3850542	5223	393	0	393	400
pp_replay_halving_ordinary	3850542	3855765	5223	393	0	393	400
pp_replay_halving_ordinary	3855765	3860988	5223	393	0	393	400
pp_replay_halving_ordinary	3860988	3866211	5223	393	0	393	400
pp_replay_halving_ordinary	3866211	3871434	5223	393	0	393	400
pp_replay_halving_ordinary	3871434	3876657	5223	393	0	393	400
pp_replay_halving_ordinary	3876657	3881880	5223	393	0	393	400
pp_replay_halving_ordinary	3881880	3887103	5223	393	0	393	400
pp_replay_halving_ordinary	3887103	3892326	5223	393	0	393	400
pp_replay_halving_ordinary	3892326	3897549	5223	393	0	393	400
pp_replay_halving_ordinary	3897549	3902772	5223	393	0	393	400
pp_replay_halving_ordinary	3902772	3907995	5223	393	0	393	400
pp_replay_halving_ordinary	3907995	3913218	5223	393	0	393	400
pp_replay_halving_ordinary	3913218	3918441	5223	393	0	393	400
pp_replay_halving_ordinary	3918441	3923664	5223	393	0	393	400
pp_replay_halving_ordinary	3923664	3928887	5223	393	0	393	400
pp_replay_halving_ordinary	3928887	3934110	5223	393	0	393	400
pp_replay_halving_ordinary	3934110	3939333	5223	393	0	393	400
pp_replay_halving_ordinary	3939333	3944556	5223	393	0	393	400
pp_replay_halving_ordinary	3944556	3949779	5223	393	0	393	400
pp_replay_halving_ordinary	3949779	3955002	5223	393	0	393	400
pp_replay_halving_ordinary	3955002	3960225	5223	393	0	393	400
pp_replay_halving_ordinary	3960225	3965448	5223	393	0	393	400
pp_replay_halving_ordinary	3965448	3970671	5223	393	0	393	400
pp_replay_halving_ordinary	3970671	3975894	5223	393	0	393	400
pp_replay_halving_ordinary	3975894	3981117	5223	393	0	393	400
pp_replay_halving_ordinary	3981117	3986340	5223	393	0	393	400
pp_replay_halving_ordinary	3986340	3991563	5223	393	0	393	400
pp_replay_halving_ordinary	3991563	3996786	5223	393	0	393	400
pp_replay_halving_ordinary	3996786	4002009	5223	393	0	393	400
pp_replay_halving_ordinary	4002009	4007232	5223	393	0	393	400
pp_replay_halving_ordinary	4007232	4012455	5223	393	0	393	400
pp_replay_halving_ordinary	4012455	4017678	5223	393	0	393	400
pp_replay_halving_ordinary	4017678	4022901	5223	393	0	393	400
pp_replay_halving_ordinary	4022901	4028124	5223	393	0	393	400
pp_replay_halving_ordinary	4028124	4033347	5223	393	0	393	400
pp_replay_halving_ordinary	4033347	4038570	5223	393	0	393	400
pp_replay_halving_ordinary	4038570	4043793	5223	393	0	393	400
pp_replay_halving_ordinary	4043793	4049016	5223	393	0	393	400
pp_replay_halving_ordinary	4049016	4054239	5223	393	0	393	400
pp_replay_halving_ordinary	4054239	4059462	5223	393	0	393	400
pp_replay_halving_ordinary	4059462	4064685	5223	393	0	393	400
pp_replay_halving_ordinary	4064685	4069908	5223	393	0	393	400
pp_replay_halving_ordinary	4069908	4075131	5223	393	0	393	400
pp_replay_halving_ordinary	4075131	4080354	5223	393	0	393	400
pp_replay_halving_ordinary	4080354	4085577	5223	393	0	393	400
pp_replay_halving_ordinary	4085577	4090800	5223	393	0	393	400
pp_replay_halving_ordinary	4090800	4096023	5223	393	0	393	400
pp_replay_halving_ordinary	4096023	4101246	5223	393	0	393	400
pp_replay_halving_ordinary	4101246	4106469	5223	393	0	393	400
pp_replay_halving_ordinary	4106469	4111692	5223	393	0	393	400
pp_replay_halving_ordinary	4111692	4116915	5223	393	0	393	400
pp_replay_halving_ordinary	4116915	4122138	5223	393	0	393	400
pp_replay_halving_ordinary	4122138	4127361	5223	393	0	393	400
pp_replay_halving_ordinary	4127361	4132584	5223	393	0	393	400
pp_replay_halving_ordinary	4132584	4137807	5223	393	0	393	400
pp_replay_halving_ordinary	4137807	4143030	5223	393	0	393	400
pp_replay_halving_ordinary	4143030	4148253	5223	393	0	393	400
pp_replay_halving_ordinary	4148253	4153476	5223	393	0	393	400
pp_replay_halving_ordinary	4153476	4158699	5223	393	0	393	400
pp_replay_halving_ordinary	4158699	4163922	5223	393	0	393	400
pp_replay_halving_ordinary	4163922	4169145	5223	393	0	393	400
pp_replay_halving_ordinary	4169145	4174368	5223	393	0	393	400
pp_replay_halving_ordinary	4174368	4179591	5223	393	0	393	400
pp_replay_halving_ordinary	4179591	4184814	5223	393	0	393	400
pp_replay_halving_ordinary	4184814	4190037	5223	393	0	393	400
pp_replay_halving_ordinary	4190037	4195260	5223	393	0	393	400
pp_replay_halving_ordinary	4195260	4200483	5223	393	0	393	400
pp_replay_halving_ordinary	4200483	4205706	5223	393	0	393	400
pp_replay_halving_ordinary	4205706	4210929	5223	393	0	393	400
pp_replay_halving_ordinary	4210929	4216152	5223	393	0	393	400
pp_replay_halving_ordinary	4216152	4221375	5223	393	0	393	400
pp_replay_halving_ordinary	4221375	4226598	5223	393	0	393	400
pp_replay_halving_ordinary	4226598	4231821	5223	393	0	393	400
pp_replay_halving_ordinary	4231821	4237044	5223	393	0	393	400
pp_replay_halving_ordinary	4237044	4242267	5223	393	0	393	400
pp_replay_halving_ordinary	4242267	4247490	5223	393	0	393	400
pp_replay_halving_ordinary	4247490	4252713	5223	393	0	393	400
pp_replay_halving_ordinary	4252713	4257936	5223	393	0	393	400
pp_replay_halving_ordinary	4257936	4263159	5223	393	0	393	400
pp_replay_halving_ordinary	4263159	4268382	5223	393	0	393	400
pp_replay_halving_ordinary	4268382	4273605	5223	393	0	393	400
pp_replay_halving_ordinary	4273605	4278828	5223	393	0	393	400
pp_replay_halving_ordinary	4278828	4284051	5223	393	0	393	400
pp_replay_halving_ordinary	4284051	4289274	5223	393	0	393	400
pp_replay_halving_ordinary	4289274	4294497	5223	393	0	393	400
pp_replay_halving_ordinary	4294497	4299720	5223	393	0	393	400
pp_replay_halving_ordinary	4299720	4304943	5223	393	0	393	400
pp_replay_halving_ordinary	4304943	4310166	5223	393	0	393	400
pp_replay_halving_ordinary	4310166	4315389	5223	393	0	393	400
pp_replay_halving_ordinary	4315389	4320612	5223	393	0	393	400
pp_replay_halving_ordinary	4320612	4325835	5223	393	0	393	400
pp_replay_halving_ordinary	4325835	4331058	5223	393	0	393	400
pp_replay_halving_ordinary	4331058	4336281	5223	393	0	393	400
pp_replay_halving_ordinary	4336281	4341504	5223	393	0	393	400
pp_replay_halving_ordinary	4341504	4346727	5223	393	0	393	400
pp_replay_halving_ordinary	4346727	4351950	5223	393	0	393	400
pp_replay_halving_ordinary	4351950	4357173	5223	393	0	393	400
pp_replay_halving_ordinary	4357173	4362396	5223	393	0	393	400
pp_replay_halving_ordinary	4362396	4367619	5223	393	0	393	400
pp_replay_halving_ordinary	4367619	4372842	5223	393	0	393	400
pp_replay_halving_ordinary	4372842	4378065	5223	393	0	393	400
pp_replay_halving_ordinary	4378065	4383288	5223	393	0	393	400
pp_replay_halving_ordinary	4383288	4388511	5223	393	0	393	400
pp_replay_halving_ordinary	4388511	4393734	5223	393	0	393	400
pp_replay_halving_ordinary	4393734	4398957	5223	393	0	393	400
pp_replay_halving_ordinary	4398957	4404180	5223	393	0	393	400
pp_replay_halving_ordinary	4404180	4409403	5223	393	0	393	400
pp_replay_halving_ordinary	4409403	4414626	5223	393	0	393	400
pp_replay_halving_ordinary	4414626	4419849	5223	393	0	393	400
pp_replay_halving_ordinary	4419849	4425072	5223	393	0	393	400
pp_replay_halving_ordinary	4425072	4430295	5223	393	0	393	400
pp_replay_halving_ordinary	4430295	4435518	5223	393	0	393	400
pp_replay_halving_ordinary	4435518	4440741	5223	393	0	393	400
pp_replay_halving_ordinary	4440741	4445964	5223	393	0	393	400
pp_replay_halving_ordinary	4445964	4451187	5223	393	0	393	400
pp_replay_halving_ordinary	4451187	4456410	5223	393	0	393	400
pp_replay_halving_ordinary	4456410	4461633	5223	393	0	393	400
pp_replay_halving_ordinary	4461633	4466856	5223	393	0	393	400
pp_replay_halving_ordinary	4466856	4472079	5223	393	0	393	400
pp_replay_halving_ordinary	4472079	4477302	5223	393	0	393	400
pp_replay_halving_ordinary	4477302	4482525	5223	393	0	393	400
pp_replay_halving_ordinary	4482525	4487748	5223	393	0	393	400
pp_replay_halving_ordinary	4487748	4492971	5223	393	0	393	400
pp_replay_halving_ordinary	4492971	4498194	5223	393	0	393	400
pp_replay_halving_ordinary	4498194	4503417	5223	393	0	393	400
pp_replay_halving_ordinary	4503417	4508640	5223	393	0	393	400
pp_replay_halving_ordinary	4508640	4513863	5223	393	0	393	400
pp_replay_halving_ordinary	4513863	4519086	5223	393	0	393	400
pp_replay_halving_ordinary	4519086	4524309	5223	393	0	393	400
pp_replay_halving_ordinary	4524309	4529532	5223	393	0	393	400
pp_replay_halving_ordinary	4529532	4534755	5223	393	0	393	400
pp_replay_halving_ordinary	4534755	4539978	5223	393	0	393	400
pp_replay_halving_ordinary	4539978	4545201	5223	393	0	393	400
pp_replay_halving_ordinary	4545201	4550424	5223	393	0	393	400
pp_replay_halving_ordinary	4550424	4555647	5223	393	0	393	400
pp_replay_halving_ordinary	4555647	4560870	5223	393	0	393	400
pp_replay_halving_ordinary	4560870	4566093	5223	393	0	393	400
pp_replay_halving_ordinary	4566093	4571316	5223	393	0	393	400
pp_replay_halving_ordinary	4571316	4576539	5223	393	0	393	400
pp_replay_halving_ordinary	4576539	4581762	5223	393	0	393	400
pp_replay_halving_ordinary	4581762	4586985	5223	393	0	393	400
pp_replay_halving_ordinary	4586985	4592208	5223	393	0	393	400
pp_replay_halving_ordinary	4592208	4597431	5223	393	0	393	400
pp_replay_halving_ordinary	4597431	4602654	5223	393	0	393	400
pp_replay_halving_ordinary	4602654	4607877	5223	393	0	393	400
pp_replay_halving_ordinary	4607877	4613100	5223	393	0	393	400
pp_replay_halving_ordinary	4613100	4618323	5223	393	0	393	400
pp_replay_halving_ordinary	4618323	4623546	5223	393	0	393	400
pp_replay_halving_ordinary	4623546	4628769	5223	393	0	393	400
pp_replay_halving_ordinary	4628769	4633992	5223	393	0	393	400
pp_replay_halving_ordinary	4633992	4639215	5223	393	0	393	400
pp_replay_halving_ordinary	4639215	4644438	5223	393	0	393	400
pp_replay_halving_ordinary	4644438	4649661	5223	393	0	393	400
pp_replay_halving_ordinary	4649661	4654884	5223	393	0	393	400
pp_replay_halving_ordinary	4654884	4660107	5223	393	0	393	400
pp_replay_halving_ordinary	4660107	4665330	5223	393	0	393	400
pp_replay_halving_ordinary	4665330	4670553	5223	393	0	393	400
pp_replay_halving_ordinary	4670553	4675776	5223	393	0	393	400
pp_replay_halving_ordinary	4675776	4680999	5223	393	0	393	400
pp_replay_halving_ordinary	4680999	4686222	5223	393	0	393	400
pp_replay_halving_ordinary	4686222	4691445	5223	393	0	393	400
pp_replay_halving_ordinary	4691445	4696668	5223	393	0	393	400
pp_replay_halving_ordinary	4696668	4701891	5223	393	0	393	400
pp_replay_halving_ordinary	4701891	4707114	5223	393	0	393	400
pp_replay_halving_ordinary	4707114	4712337	5223	393	0	393	400
pp_replay_halving_ordinary	4712337	4717560	5223	393	0	393	400
pp_replay_halving_ordinary	4717560	4722783	5223	393	0	393	400
pp_replay_halving_ordinary	4722783	4728006	5223	393	0	393	400
pp_replay_halving_ordinary	4728006	4733229	5223	393	0	393	400
pp_replay_halving_ordinary	4733229	4738452	5223	393	0	393	400
pp_replay_halving_ordinary	4738452	4743675	5223	393	0	393	400
pp_replay_halving_ordinary	4743675	4748898	5223	393	0	393	400
pp_replay_halving_ordinary	4748898	4754121	5223	393	0	393	400
pp_replay_halving_ordinary	4754121	4759344	5223	393	0	393	400
pp_replay_halving_ordinary	4759344	4764567	5223	393	0	393	400
pp_replay_halving_ordinary	4764567	4769790	5223	393	0	393	400
pp_replay_halving_ordinary	4769790	4775013	5223	393	0	393	400
pp_replay_halving_ordinary	4775013	4780236	5223	393	0	393	400
pp_replay_halving_ordinary	4780236	4785459	5223	393	0	393	400
pp_replay_halving_ordinary	4785459	4790682	5223	393	0	393	400
pp_replay_halving_ordinary	4790682	4795905	5223	393	0	393	400
pp_replay_halving_ordinary	4795905	4801128	5223	393	0	393	400
pp_replay_halving_ordinary	4801128	4806351	5223	393	0	393	400
pp_replay_halving_ordinary	4806351	4811574	5223	393	0	393	400
pp_replay_halving_ordinary	4811574	4816797	5223	393	0	393	400
pp_replay_halving_ordinary	4816797	4822020	5223	393	0	393	400
pp_replay_halving_ordinary	4822020	4827243	5223	393	0	393	400
pp_replay_halving_ordinary	4827243	4832466	5223	393	0	393	400
pp_replay_halving_ordinary	4832466	4837689	5223	393	0	393	400
pp_replay_halving_ordinary	4837689	4842912	5223	393	0	393	400
pp_replay_halving_ordinary	4842912	4848135	5223	393	0	393	400
pp_replay_halving_ordinary	4848135	4853358	5223	393	0	393	400
pp_replay_halving_ordinary	4853358	4858581	5223	393	0	393	400
pp_replay_halving_ordinary	4858581	4863804	5223	393	0	393	400
pp_replay_halving_ordinary	4863804	4869027	5223	393	0	393	400
pp_replay_halving_ordinary	4869027	4874250	5223	393	0	393	400
pp_replay_halving_ordinary	4874250	4879473	5223	393	0	393	400
pp_replay_halving_ordinary	4879473	4884696	5223	393	0	393	400
pp_replay_halving_ordinary	4884696	4889919	5223	393	0	393	400
pp_replay_halving_ordinary	4889919	4895142	5223	393	0	393	400
pp_replay_halving_ordinary	4895142	4900365	5223	393	0	393	400
pp_replay_halving_ordinary	4900365	4905588	5223	393	0	393	400
pp_replay_halving_ordinary	4905588	4910811	5223	393	0	393	400
pp_replay_halving_ordinary	4910811	4916034	5223	393	0	393	400
pp_replay_halving_ordinary	4916034	4921257	5223	393	0	393	400
pp_replay_halving_ordinary	4921257	4926480	5223	393	0	393	400
pp_replay_halving_ordinary	4926480	4931703	5223	393	0	393	400
pp_replay_halving_ordinary	4931703	4936926	5223	393	0	393	400
pp_replay_halving_ordinary	4936926	4942149	5223	393	0	393	400
pp_replay_halving_ordinary	4942149	4947372	5223	393	0	393	400
pp_replay_halving_ordinary	4947372	4952595	5223	393	0	393	400
pp_replay_halving_ordinary	4952595	4957818	5223	393	0	393	400
pp_replay_halving_ordinary	4957818	4963041	5223	393	0	393	400
pp_replay_halving_ordinary	4963041	4968264	5223	393	0	393	400
pp_replay_halving_ordinary	4968264	4973487	5223	393	0	393	400
pp_replay_halving_ordinary	4973487	4978710	5223	393	0	393	400
pp_replay_halving_ordinary	4978710	4983933	5223	393	0	393	400
pp_replay_halving_ordinary	4983933	4989156	5223	393	0	393	400
pp_endpoint	4989156	4991244	2088	174	0	176	176
pp_coefficient_clear	4991244	4991500	256	0	0	0	256
pp_value_reverse	4991500	6295161	1303661	98742	0	98742	100855
pp_restore_layout	6295161	6296173	1012	0	0	0	428
tlm_coord_add3x	6296173	6337640	41467	330	2	331	590
square_sum_hi_lo	6337640	6339427	1787	128	0	128	128
square_c_sum_build	6339427	6435262	95835	9283	0	8513	518
square_c_sum_apply_shifted_128_sub	6435262	6458076	22814	2374	12	1232	1956
square_c_sum_unbuild	6458076	6554168	96092	9283	0	8513	776
square_a_lo_build	6554168	6648556	94388	9147	0	8383	514
square_a_lo_apply_unshifted_sub	6648556	6653336	4780	336	2	325	328
square_a_lo_apply_shifted_128_add	6653336	6673884	20548	2372	12	1234	1968
square_a_lo_unbuild	6673884	6768527	94643	9147	0	8383	770
square_b_hi_build	6768527	6862915	94388	9147	0	8383	514
square_b_hi_apply_shifted_128_add	6862915	6883463	20548	2372	12	1234	1968
square_b_hi_apply_f_times_sub	6883463	6939703	56240	4466	114	4455	4470
square_b_hi_unbuild	6939703	7034346	94643	9147	0	8383	770
square_sum_hi_lo_unbuild	7034346	7035766	1420	258	0	0	131
pp_setup	7035766	7036016	250	0	0	0	0
pp_value_forward	7036016	8342301	1306285	98942	0	98942	100853
pp_coefficient_allocate	8342301	8342557	256	0	0	0	0
pp_endpoint	8342557	8344389	1832	174	0	176	176
pp_replay_inverse_ordinary	8344389	8349618	5229	393	0	393	402
pp_replay_inverse_ordinary	8349618	8354847	5229	393	0	393	402
pp_replay_inverse_ordinary	8354847	8360076	5229	393	0	393	402
pp_replay_inverse_ordinary	8360076	8365305	5229	393	0	393	402
pp_replay_inverse_ordinary	8365305	8370534	5229	393	0	393	402
pp_replay_inverse_ordinary	8370534	8375763	5229	393	0	393	402
pp_replay_inverse_ordinary	8375763	8380992	5229	393	0	393	402
pp_replay_inverse_ordinary	8380992	8386221	5229	393	0	393	402
pp_replay_inverse_ordinary	8386221	8391450	5229	393	0	393	402
pp_replay_inverse_ordinary	8391450	8396679	5229	393	0	393	402
pp_replay_inverse_ordinary	8396679	8401908	5229	393	0	393	402
pp_replay_inverse_ordinary	8401908	8407137	5229	393	0	393	402
pp_replay_inverse_ordinary	8407137	8412366	5229	393	0	393	402
pp_replay_inverse_ordinary	8412366	8417595	5229	393	0	393	402
pp_replay_inverse_ordinary	8417595	8422824	5229	393	0	393	402
pp_replay_inverse_ordinary	8422824	8428053	5229	393	0	393	402
pp_replay_inverse_ordinary	8428053	8433282	5229	393	0	393	402
pp_replay_inverse_ordinary	8433282	8438511	5229	393	0	393	402
pp_replay_inverse_ordinary	8438511	8443740	5229	393	0	393	402
pp_replay_inverse_ordinary	8443740	8448969	5229	393	0	393	402
pp_replay_inverse_ordinary	8448969	8454198	5229	393	0	393	402
pp_replay_inverse_ordinary	8454198	8459427	5229	393	0	393	402
pp_replay_inverse_ordinary	8459427	8464656	5229	393	0	393	402
pp_replay_inverse_ordinary	8464656	8469885	5229	393	0	393	402
pp_replay_inverse_ordinary	8469885	8475114	5229	393	0	393	402
pp_replay_inverse_ordinary	8475114	8480343	5229	393	0	393	402
pp_replay_inverse_ordinary	8480343	8485572	5229	393	0	393	402
pp_replay_inverse_ordinary	8485572	8490801	5229	393	0	393	402
pp_replay_inverse_ordinary	8490801	8496030	5229	393	0	393	402
pp_replay_inverse_ordinary	8496030	8501259	5229	393	0	393	402
pp_replay_inverse_ordinary	8501259	8506488	5229	393	0	393	402
pp_replay_inverse_ordinary	8506488	8511717	5229	393	0	393	402
pp_replay_inverse_ordinary	8511717	8516946	5229	393	0	393	402
pp_replay_inverse_ordinary	8516946	8522175	5229	393	0	393	402
pp_replay_inverse_ordinary	8522175	8527404	5229	393	0	393	402
pp_replay_inverse_ordinary	8527404	8532633	5229	393	0	393	402
pp_replay_inverse_ordinary	8532633	8537862	5229	393	0	393	402
pp_replay_inverse_ordinary	8537862	8543091	5229	393	0	393	402
pp_replay_inverse_ordinary	8543091	8548320	5229	393	0	393	402
pp_replay_inverse_ordinary	8548320	8553549	5229	393	0	393	402
pp_replay_inverse_ordinary	8553549	8558778	5229	393	0	393	402
pp_replay_inverse_ordinary	8558778	8564007	5229	393	0	393	402
pp_replay_inverse_ordinary	8564007	8569236	5229	393	0	393	402
pp_replay_inverse_ordinary	8569236	8574465	5229	393	0	393	402
pp_replay_inverse_ordinary	8574465	8579694	5229	393	0	393	402
pp_replay_inverse_ordinary	8579694	8584923	5229	393	0	393	402
pp_replay_inverse_ordinary	8584923	8590152	5229	393	0	393	402
pp_replay_inverse_ordinary	8590152	8595381	5229	393	0	393	402
pp_replay_inverse_ordinary	8595381	8600610	5229	393	0	393	402
pp_replay_inverse_ordinary	8600610	8605839	5229	393	0	393	402
pp_replay_inverse_ordinary	8605839	8611068	5229	393	0	393	402
pp_replay_inverse_ordinary	8611068	8616297	5229	393	0	393	402
pp_replay_inverse_ordinary	8616297	8621526	5229	393	0	393	402
pp_replay_inverse_ordinary	8621526	8626755	5229	393	0	393	402
pp_replay_inverse_ordinary	8626755	8631984	5229	393	0	393	402
pp_replay_inverse_ordinary	8631984	8637213	5229	393	0	393	402
pp_replay_inverse_ordinary	8637213	8642442	5229	393	0	393	402
pp_replay_inverse_ordinary	8642442	8647671	5229	393	0	393	402
pp_replay_inverse_ordinary	8647671	8652900	5229	393	0	393	402
pp_replay_inverse_ordinary	8652900	8658129	5229	393	0	393	402
pp_replay_inverse_ordinary	8658129	8663358	5229	393	0	393	402
pp_replay_inverse_ordinary	8663358	8668587	5229	393	0	393	402
pp_replay_inverse_ordinary	8668587	8673816	5229	393	0	393	402
pp_replay_inverse_ordinary	8673816	8679045	5229	393	0	393	402
pp_replay_inverse_ordinary	8679045	8684274	5229	393	0	393	402
pp_replay_inverse_ordinary	8684274	8689503	5229	393	0	393	402
pp_replay_inverse_ordinary	8689503	8694732	5229	393	0	393	402
pp_replay_inverse_ordinary	8694732	8699961	5229	393	0	393	402
pp_replay_inverse_ordinary	8699961	8705190	5229	393	0	393	402
pp_replay_inverse_ordinary	8705190	8710419	5229	393	0	393	402
pp_replay_inverse_ordinary	8710419	8715648	5229	393	0	393	402
pp_replay_inverse_ordinary	8715648	8720877	5229	393	0	393	402
pp_replay_inverse_ordinary	8720877	8726106	5229	393	0	393	402
pp_replay_inverse_ordinary	8726106	8731335	5229	393	0	393	402
pp_replay_inverse_ordinary	8731335	8736564	5229	393	0	393	402
pp_replay_inverse_ordinary	8736564	8741793	5229	393	0	393	402
pp_replay_inverse_ordinary	8741793	8747022	5229	393	0	393	402
pp_replay_inverse_ordinary	8747022	8752251	5229	393	0	393	402
pp_replay_inverse_ordinary	8752251	8757480	5229	393	0	393	402
pp_replay_inverse_ordinary	8757480	8762709	5229	393	0	393	402
pp_replay_inverse_ordinary	8762709	8767938	5229	393	0	393	402
pp_replay_inverse_ordinary	8767938	8773167	5229	393	0	393	402
pp_replay_inverse_ordinary	8773167	8778396	5229	393	0	393	402
pp_replay_inverse_ordinary	8778396	8783625	5229	393	0	393	402
pp_replay_inverse_ordinary	8783625	8788854	5229	393	0	393	402
pp_replay_inverse_ordinary	8788854	8794083	5229	393	0	393	402
pp_replay_inverse_ordinary	8794083	8799312	5229	393	0	393	402
pp_replay_inverse_ordinary	8799312	8804541	5229	393	0	393	402
pp_replay_inverse_ordinary	8804541	8809770	5229	393	0	393	402
pp_replay_inverse_ordinary	8809770	8814999	5229	393	0	393	402
pp_replay_inverse_ordinary	8814999	8820228	5229	393	0	393	402
pp_replay_inverse_ordinary	8820228	8825457	5229	393	0	393	402
pp_replay_inverse_ordinary	8825457	8830686	5229	393	0	393	402
pp_replay_inverse_ordinary	8830686	8835915	5229	393	0	393	402
pp_replay_inverse_ordinary	8835915	8841144	5229	393	0	393	402
pp_replay_inverse_ordinary	8841144	8846373	5229	393	0	393	402
pp_replay_inverse_ordinary	8846373	8851602	5229	393	0	393	402
pp_replay_inverse_ordinary	8851602	8856831	5229	393	0	393	402
pp_replay_inverse_ordinary	8856831	8862060	5229	393	0	393	402
pp_replay_inverse_ordinary	8862060	8867289	5229	393	0	393	402
pp_replay_inverse_ordinary	8867289	8872518	5229	393	0	393	402
pp_replay_inverse_ordinary	8872518	8877747	5229	393	0	393	402
pp_replay_inverse_ordinary	8877747	8882976	5229	393	0	393	402
pp_replay_inverse_ordinary	8882976	8888205	5229	393	0	393	402
pp_replay_inverse_ordinary	8888205	8893434	5229	393	0	393	402
pp_replay_inverse_ordinary	8893434	8898663	5229	393	0	393	402
pp_replay_inverse_ordinary	8898663	8903892	5229	393	0	393	402
pp_replay_inverse_ordinary	8903892	8909121	5229	393	0	393	402
pp_replay_inverse_ordinary	8909121	8914350	5229	393	0	393	402
pp_replay_inverse_ordinary	8914350	8919579	5229	393	0	393	402
pp_replay_inverse_ordinary	8919579	8924808	5229	393	0	393	402
pp_replay_inverse_ordinary	8924808	8930037	5229	393	0	393	402
pp_replay_inverse_ordinary	8930037	8935266	5229	393	0	393	402
pp_replay_inverse_ordinary	8935266	8940495	5229	393	0	393	402
pp_replay_inverse_ordinary	8940495	8945724	5229	393	0	393	402
pp_replay_inverse_ordinary	8945724	8950953	5229	393	0	393	402
pp_replay_inverse_ordinary	8950953	8956182	5229	393	0	393	402
pp_replay_inverse_ordinary	8956182	8961411	5229	393	0	393	402
pp_replay_inverse_ordinary	8961411	8966640	5229	393	0	393	402
pp_replay_inverse_ordinary	8966640	8971869	5229	393	0	393	402
pp_replay_inverse_ordinary	8971869	8977098	5229	393	0	393	402
pp_replay_inverse_ordinary	8977098	8982327	5229	393	0	393	402
pp_replay_inverse_ordinary	8982327	8987556	5229	393	0	393	402
pp_replay_inverse_ordinary	8987556	8992785	5229	393	0	393	402
pp_replay_inverse_ordinary	8992785	8998014	5229	393	0	393	402
pp_replay_inverse_ordinary	8998014	9003243	5229	393	0	393	402
pp_replay_inverse_ordinary	9003243	9008472	5229	393	0	393	402
pp_replay_inverse_ordinary	9008472	9013701	5229	393	0	393	402
pp_replay_inverse_ordinary	9013701	9018930	5229	393	0	393	402
pp_replay_inverse_ordinary	9018930	9024159	5229	393	0	393	402
pp_replay_inverse_ordinary	9024159	9029388	5229	393	0	393	402
pp_replay_inverse_ordinary	9029388	9034617	5229	393	0	393	402
pp_replay_inverse_ordinary	9034617	9039846	5229	393	0	393	402
pp_replay_inverse_ordinary	9039846	9045075	5229	393	0	393	402
pp_replay_inverse_ordinary	9045075	9050304	5229	393	0	393	402
pp_replay_inverse_ordinary	9050304	9055533	5229	393	0	393	402
pp_replay_inverse_ordinary	9055533	9060762	5229	393	0	393	402
pp_replay_inverse_ordinary	9060762	9065991	5229	393	0	393	402
pp_replay_inverse_ordinary	9065991	9071220	5229	393	0	393	402
pp_replay_inverse_ordinary	9071220	9076449	5229	393	0	393	402
pp_replay_inverse_ordinary	9076449	9081678	5229	393	0	393	402
pp_replay_inverse_ordinary	9081678	9086907	5229	393	0	393	402
pp_replay_inverse_ordinary	9086907	9092136	5229	393	0	393	402
pp_replay_inverse_ordinary	9092136	9097365	5229	393	0	393	402
pp_replay_inverse_ordinary	9097365	9102594	5229	393	0	393	402
pp_replay_inverse_ordinary	9102594	9107823	5229	393	0	393	402
pp_replay_inverse_ordinary	9107823	9113052	5229	393	0	393	402
pp_replay_inverse_ordinary	9113052	9118281	5229	393	0	393	402
pp_replay_inverse_ordinary	9118281	9123510	5229	393	0	393	402
pp_replay_inverse_ordinary	9123510	9128739	5229	393	0	393	402
pp_replay_inverse_ordinary	9128739	9133968	5229	393	0	393	402
pp_replay_inverse_ordinary	9133968	9139197	5229	393	0	393	402
pp_replay_inverse_ordinary	9139197	9144426	5229	393	0	393	402
pp_replay_inverse_ordinary	9144426	9149655	5229	393	0	393	402
pp_replay_inverse_ordinary	9149655	9154884	5229	393	0	393	402
pp_replay_inverse_ordinary	9154884	9160113	5229	393	0	393	402
pp_replay_inverse_ordinary	9160113	9165342	5229	393	0	393	402
pp_replay_inverse_ordinary	9165342	9170571	5229	393	0	393	402
pp_replay_inverse_ordinary	9170571	9175800	5229	393	0	393	402
pp_replay_inverse_ordinary	9175800	9181029	5229	393	0	393	402
pp_replay_inverse_ordinary	9181029	9186258	5229	393	0	393	402
pp_replay_inverse_ordinary	9186258	9191487	5229	393	0	393	402
pp_replay_inverse_ordinary	9191487	9196716	5229	393	0	393	402
pp_replay_inverse_ordinary	9196716	9201945	5229	393	0	393	402
pp_replay_inverse_ordinary	9201945	9207174	5229	393	0	393	402
pp_replay_inverse_ordinary	9207174	9212403	5229	393	0	393	402
pp_replay_inverse_ordinary	9212403	9217632	5229	393	0	393	402
pp_replay_inverse_ordinary	9217632	9222861	5229	393	0	393	402
pp_replay_inverse_ordinary	9222861	9228090	5229	393	0	393	402
pp_replay_inverse_ordinary	9228090	9233319	5229	393	0	393	402
pp_replay_inverse_ordinary	9233319	9238548	5229	393	0	393	402
pp_replay_inverse_ordinary	9238548	9243777	5229	393	0	393	402
pp_replay_inverse_ordinary	9243777	9249006	5229	393	0	393	402
pp_replay_inverse_ordinary	9249006	9254235	5229	393	0	393	402
pp_replay_inverse_ordinary	9254235	9259464	5229	393	0	393	402
pp_replay_inverse_ordinary	9259464	9264693	5229	393	0	393	402
pp_replay_inverse_ordinary	9264693	9269922	5229	393	0	393	402
pp_replay_inverse_ordinary	9269922	9275151	5229	393	0	393	402
pp_replay_inverse_ordinary	9275151	9280380	5229	393	0	393	402
pp_replay_inverse_ordinary	9280380	9285609	5229	393	0	393	402
pp_replay_inverse_ordinary	9285609	9290838	5229	393	0	393	402
pp_replay_inverse_ordinary	9290838	9296067	5229	393	0	393	402
pp_replay_inverse_ordinary	9296067	9301296	5229	393	0	393	402
pp_replay_inverse_ordinary	9301296	9306525	5229	393	0	393	402
pp_replay_inverse_ordinary	9306525	9311754	5229	393	0	393	402
pp_replay_inverse_ordinary	9311754	9316983	5229	393	0	393	402
pp_replay_inverse_ordinary	9316983	9322212	5229	393	0	393	402
pp_replay_inverse_ordinary	9322212	9327441	5229	393	0	393	402
pp_replay_inverse_ordinary	9327441	9332670	5229	393	0	393	402
pp_replay_inverse_ordinary	9332670	9337899	5229	393	0	393	402
pp_replay_inverse_ordinary	9337899	9343128	5229	393	0	393	402
pp_replay_inverse_ordinary	9343128	9348357	5229	393	0	393	402
pp_replay_inverse_ordinary	9348357	9353586	5229	393	0	393	402
pp_replay_inverse_ordinary	9353586	9358815	5229	393	0	393	402
pp_replay_inverse_ordinary	9358815	9364044	5229	393	0	393	402
pp_replay_inverse_ordinary	9364044	9369273	5229	393	0	393	402
pp_replay_inverse_ordinary	9369273	9374502	5229	393	0	393	402
pp_replay_inverse_ordinary	9374502	9379731	5229	393	0	393	402
pp_replay_inverse_ordinary	9379731	9384960	5229	393	0	393	402
pp_replay_inverse_ordinary	9384960	9390189	5229	393	0	393	402
pp_replay_inverse_ordinary	9390189	9395418	5229	393	0	393	402
pp_replay_inverse_ordinary	9395418	9400647	5229	393	0	393	402
pp_replay_inverse_ordinary	9400647	9405876	5229	393	0	393	402
pp_replay_inverse_ordinary	9405876	9411105	5229	393	0	393	402
pp_replay_inverse_ordinary	9411105	9416334	5229	393	0	393	402
pp_replay_inverse_ordinary	9416334	9421563	5229	393	0	393	402
pp_replay_inverse_ordinary	9421563	9426792	5229	393	0	393	402
pp_replay_inverse_ordinary	9426792	9432021	5229	393	0	393	402
pp_replay_inverse_ordinary	9432021	9437250	5229	393	0	393	402
pp_replay_inverse_ordinary	9437250	9442479	5229	393	0	393	402
pp_replay_inverse_ordinary	9442479	9447708	5229	393	0	393	402
pp_replay_inverse_ordinary	9447708	9452937	5229	393	0	393	402
pp_replay_inverse_ordinary	9452937	9458166	5229	393	0	393	402
pp_replay_inverse_ordinary	9458166	9463395	5229	393	0	393	402
pp_replay_inverse_ordinary	9463395	9468624	5229	393	0	393	402
pp_replay_inverse_ordinary	9468624	9473853	5229	393	0	393	402
pp_replay_inverse_ordinary	9473853	9479082	5229	393	0	393	402
pp_replay_inverse_ordinary	9479082	9484311	5229	393	0	393	402
pp_replay_inverse_ordinary	9484311	9489540	5229	393	0	393	402
pp_replay_inverse_ordinary	9489540	9494769	5229	393	0	393	402
pp_replay_inverse_ordinary	9494769	9499998	5229	393	0	393	402
pp_replay_inverse_ordinary	9499998	9505227	5229	393	0	393	402
pp_replay_inverse_ordinary	9505227	9510456	5229	393	0	393	402
pp_replay_inverse_ordinary	9510456	9515685	5229	393	0	393	402
pp_replay_inverse_ordinary	9515685	9520914	5229	393	0	393	402
pp_replay_inverse_ordinary	9520914	9526143	5229	393	0	393	402
pp_replay_inverse_ordinary	9526143	9531372	5229	393	0	393	402
pp_replay_inverse_ordinary	9531372	9536601	5229	393	0	393	402
pp_replay_inverse_ordinary	9536601	9541830	5229	393	0	393	402
pp_replay_inverse_ordinary	9541830	9547059	5229	393	0	393	402
pp_replay_inverse_ordinary	9547059	9552288	5229	393	0	393	402
pp_replay_inverse_ordinary	9552288	9557517	5229	393	0	393	402
pp_replay_inverse_ordinary	9557517	9562746	5229	393	0	393	402
pp_replay_inverse_ordinary	9562746	9567975	5229	393	0	393	402
pp_replay_inverse_ordinary	9567975	9573204	5229	393	0	393	402
pp_replay_inverse_ordinary	9573204	9578433	5229	393	0	393	402
pp_replay_inverse_ordinary	9578433	9583662	5229	393	0	393	402
pp_replay_inverse_ordinary	9583662	9588891	5229	393	0	393	402
pp_replay_inverse_ordinary	9588891	9594120	5229	393	0	393	402
pp_replay_inverse_ordinary	9594120	9599349	5229	393	0	393	402
pp_replay_inverse_ordinary	9599349	9604578	5229	393	0	393	402
pp_replay_inverse_ordinary	9604578	9609807	5229	393	0	393	402
pp_replay_inverse_ordinary	9609807	9615036	5229	393	0	393	402
pp_replay_inverse_ordinary	9615036	9620265	5229	393	0	393	402
pp_replay_inverse_ordinary	9620265	9625494	5229	393	0	393	402
pp_replay_inverse_ordinary	9625494	9630723	5229	393	0	393	402
pp_replay_inverse_ordinary	9630723	9635952	5229	393	0	393	402
pp_replay_inverse_ordinary	9635952	9641181	5229	393	0	393	402
pp_replay_inverse_ordinary	9641181	9646410	5229	393	0	393	402
pp_replay_inverse_ordinary	9646410	9651639	5229	393	0	393	402
pp_replay_inverse_ordinary	9651639	9656868	5229	393	0	393	402
pp_replay_inverse_ordinary	9656868	9662097	5229	393	0	393	402
pp_replay_inverse_ordinary	9662097	9667326	5229	393	0	393	402
pp_replay_inverse_ordinary	9667326	9672555	5229	393	0	393	402
pp_replay_inverse_ordinary	9672555	9677784	5229	393	0	393	402
pp_replay_inverse_ordinary	9677784	9683013	5229	393	0	393	402
pp_replay_inverse_ordinary	9683013	9688242	5229	393	0	393	402
pp_replay_inverse_ordinary	9688242	9693471	5229	393	0	393	402
pp_replay_inverse_ordinary	9693471	9698700	5229	393	0	393	402
pp_replay_inverse_ordinary	9698700	9703929	5229	393	0	393	402
pp_replay_inverse_ordinary	9703929	9709158	5229	393	0	393	402
pp_replay_inverse_ordinary	9709158	9714387	5229	393	0	393	402
pp_replay_inverse_ordinary	9714387	9719616	5229	393	0	393	402
pp_replay_inverse_ordinary	9719616	9724845	5229	393	0	393	402
pp_replay_inverse_ordinary	9724845	9730074	5229	393	0	393	402
pp_replay_inverse_ordinary	9730074	9735303	5229	393	0	393	402
pp_replay_inverse_ordinary	9735303	9740532	5229	393	0	393	402
pp_replay_inverse_ordinary	9740532	9745761	5229	393	0	393	402
pp_replay_inverse_ordinary	9745761	9750990	5229	393	0	393	402
pp_replay_inverse_ordinary	9750990	9756219	5229	393	0	393	402
pp_replay_inverse_ordinary	9756219	9761448	5229	393	0	393	402
pp_replay_inverse_ordinary	9761448	9766677	5229	393	0	393	402
pp_replay_inverse_ordinary	9766677	9771906	5229	393	0	393	402
pp_replay_inverse_ordinary	9771906	9777135	5229	393	0	393	402
pp_replay_inverse_ordinary	9777135	9782364	5229	393	0	393	402
pp_replay_inverse_ordinary	9782364	9787593	5229	393	0	393	402
pp_replay_inverse_ordinary	9787593	9792822	5229	393	0	393	402
pp_replay_inverse_ordinary	9792822	9798051	5229	393	0	393	402
pp_replay_inverse_ordinary	9798051	9803280	5229	393	0	393	402
pp_replay_inverse_ordinary	9803280	9808509	5229	393	0	393	402
pp_replay_inverse_ordinary	9808509	9813738	5229	393	0	393	402
pp_replay_inverse_ordinary	9813738	9818967	5229	393	0	393	402
pp_replay_inverse_ordinary	9818967	9824196	5229	393	0	393	402
pp_replay_inverse_ordinary	9824196	9829425	5229	393	0	393	402
pp_replay_inverse_ordinary	9829425	9834654	5229	393	0	393	402
pp_replay_inverse_ordinary	9834654	9839883	5229	393	0	393	402
pp_replay_inverse_ordinary	9839883	9845112	5229	393	0	393	402
pp_replay_inverse_ordinary	9845112	9850341	5229	393	0	393	402
pp_replay_inverse_ordinary	9850341	9855570	5229	393	0	393	402
pp_replay_inverse_ordinary	9855570	9860799	5229	393	0	393	402
pp_replay_inverse_ordinary	9860799	9866028	5229	393	0	393	402
pp_replay_inverse_ordinary	9866028	9871257	5229	393	0	393	402
pp_replay_inverse_ordinary	9871257	9876486	5229	393	0	393	402
pp_replay_inverse_ordinary	9876486	9881715	5229	393	0	393	402
pp_replay_inverse_ordinary	9881715	9886944	5229	393	0	393	402
pp_replay_inverse_ordinary	9886944	9892173	5229	393	0	393	402
pp_replay_inverse_ordinary	9892173	9897402	5229	393	0	393	402
pp_replay_inverse_ordinary	9897402	9902631	5229	393	0	393	402
pp_replay_inverse_ordinary	9902631	9907860	5229	393	0	393	402
pp_replay_inverse_ordinary	9907860	9913089	5229	393	0	393	402
pp_replay_inverse_ordinary	9913089	9918318	5229	393	0	393	402
pp_replay_inverse_ordinary	9918318	9923547	5229	393	0	393	402
pp_replay_inverse_ordinary	9923547	9928776	5229	393	0	393	402
pp_replay_inverse_ordinary	9928776	9934005	5229	393	0	393	402
pp_replay_inverse_ordinary	9934005	9939234	5229	393	0	393	402
pp_replay_inverse_ordinary	9939234	9944463	5229	393	0	393	402
pp_replay_inverse_ordinary	9944463	9949692	5229	393	0	393	402
pp_replay_inverse_ordinary	9949692	9954921	5229	393	0	393	402
pp_replay_inverse_ordinary	9954921	9960150	5229	393	0	393	402
pp_replay_inverse_ordinary	9960150	9965379	5229	393	0	393	402
pp_replay_inverse_ordinary	9965379	9970608	5229	393	0	393	402
pp_replay_inverse_ordinary	9970608	9975837	5229	393	0	393	402
pp_replay_inverse_ordinary	9975837	9981066	5229	393	0	393	402
pp_replay_inverse_ordinary	9981066	9986295	5229	393	0	393	402
pp_replay_inverse_ordinary	9986295	9991524	5229	393	0	393	402
pp_replay_inverse_ordinary	9991524	9996753	5229	393	0	393	402
pp_replay_inverse_ordinary	9996753	10001982	5229	393	0	393	402
pp_replay_inverse_ordinary	10001982	10007211	5229	393	0	393	402
pp_replay_inverse_ordinary	10007211	10012440	5229	393	0	393	402
pp_replay_inverse_ordinary	10012440	10017669	5229	393	0	393	402
pp_replay_inverse_ordinary	10017669	10022898	5229	393	0	393	402
pp_replay_inverse_ordinary	10022898	10028127	5229	393	0	393	402
pp_replay_inverse_ordinary	10028127	10033356	5229	393	0	393	402
pp_replay_inverse_ordinary	10033356	10038585	5229	393	0	393	402
pp_replay_inverse_ordinary	10038585	10043814	5229	393	0	393	402
pp_replay_inverse_ordinary	10043814	10049043	5229	393	0	393	402
pp_replay_inverse_ordinary	10049043	10054272	5229	393	0	393	402
pp_replay_inverse_ordinary	10054272	10059501	5229	393	0	393	402
pp_replay_inverse_ordinary	10059501	10064730	5229	393	0	393	402
pp_replay_inverse_ordinary	10064730	10069959	5229	393	0	393	402
pp_replay_inverse_ordinary	10069959	10075188	5229	393	0	393	402
pp_replay_inverse_ordinary	10075188	10080417	5229	393	0	393	402
pp_replay_inverse_ordinary	10080417	10085646	5229	393	0	393	402
pp_replay_inverse_ordinary	10085646	10090875	5229	393	0	393	402
pp_replay_inverse_ordinary	10090875	10096104	5229	393	0	393	402
pp_replay_inverse_ordinary	10096104	10101333	5229	393	0	393	402
pp_replay_inverse_ordinary	10101333	10106562	5229	393	0	393	402
pp_replay_inverse_ordinary	10106562	10111791	5229	393	0	393	402
pp_replay_inverse_ordinary	10111791	10117020	5229	393	0	393	402
pp_replay_inverse_ordinary	10117020	10122249	5229	393	0	393	402
pp_replay_inverse_ordinary	10122249	10127478	5229	393	0	393	402
pp_replay_inverse_ordinary	10127478	10132707	5229	393	0	393	402
pp_replay_inverse_ordinary	10132707	10137936	5229	393	0	393	402
pp_replay_inverse_ordinary	10137936	10143165	5229	393	0	393	402
pp_replay_inverse_ordinary	10143165	10148394	5229	393	0	393	402
pp_replay_inverse_ordinary	10148394	10153623	5229	393	0	393	402
pp_replay_inverse_ordinary	10153623	10158852	5229	393	0	393	402
pp_replay_inverse_ordinary	10158852	10164081	5229	393	0	393	402
pp_replay_inverse_ordinary	10164081	10169310	5229	393	0	393	402
pp_replay_inverse_ordinary	10169310	10174539	5229	393	0	393	402
pp_replay_inverse_ordinary	10174539	10179768	5229	393	0	393	402
pp_replay_inverse_ordinary	10179768	10184997	5229	393	0	393	402
pp_replay_inverse_ordinary	10184997	10190226	5229	393	0	393	402
pp_replay_inverse_ordinary	10190226	10195455	5229	393	0	393	402
pp_replay_inverse_ordinary	10195455	10200684	5229	393	0	393	402
pp_replay_inverse_ordinary	10200684	10205913	5229	393	0	393	402
pp_replay_inverse_ordinary	10205913	10211142	5229	393	0	393	402
pp_replay_inverse_ordinary	10211142	10216371	5229	393	0	393	402
pp_replay_inverse_ordinary	10216371	10221600	5229	393	0	393	402
pp_replay_inverse_ordinary	10221600	10226829	5229	393	0	393	402
pp_replay_inverse_ordinary	10226829	10232058	5229	393	0	393	402
pp_replay_inverse_ordinary	10232058	10237287	5229	393	0	393	402
pp_replay_inverse_ordinary	10237287	10242516	5229	393	0	393	402
pp_replay_inverse_ordinary	10242516	10247745	5229	393	0	393	402
pp_replay_inverse_ordinary	10247745	10252974	5229	393	0	393	402
pp_replay_inverse_ordinary	10252974	10258203	5229	393	0	393	402
pp_replay_inverse_ordinary	10258203	10263432	5229	393	0	393	402
pp_replay_inverse_ordinary	10263432	10268661	5229	393	0	393	402
pp_replay_inverse_ordinary	10268661	10273890	5229	393	0	393	402
pp_replay_inverse_ordinary	10273890	10279119	5229	393	0	393	402
pp_replay_inverse_ordinary	10279119	10284348	5229	393	0	393	402
pp_replay_inverse_ordinary	10284348	10289577	5229	393	0	393	402
pp_replay_inverse_ordinary	10289577	10294806	5229	393	0	393	402
pp_replay_inverse_ordinary	10294806	10300035	5229	393	0	393	402
pp_replay_inverse_ordinary	10300035	10305264	5229	393	0	393	402
pp_replay_inverse_ordinary	10305264	10310493	5229	393	0	393	402
pp_replay_inverse_ordinary	10310493	10315722	5229	393	0	393	402
pp_replay_inverse_ordinary	10315722	10320951	5229	393	0	393	402
pp_replay_inverse_ordinary	10320951	10326180	5229	393	0	393	402
pp_replay_inverse_ordinary	10326180	10331409	5229	393	0	393	402
pp_replay_inverse_ordinary	10331409	10336638	5229	393	0	393	402
pp_replay_inverse_ordinary	10336638	10341867	5229	393	0	393	402
pp_replay_inverse_ordinary	10341867	10347096	5229	393	0	393	402
pp_replay_inverse_ordinary	10347096	10352325	5229	393	0	393	402
pp_replay_inverse_ordinary	10352325	10357554	5229	393	0	393	402
pp_replay_inverse_ordinary	10357554	10362783	5229	393	0	393	402
pp_replay_inverse_ordinary	10362783	10368012	5229	393	0	393	402
pp_replay_inverse_ordinary	10368012	10373241	5229	393	0	393	402
pp_replay_inverse_ordinary	10373241	10378470	5229	393	0	393	402
pp_replay_inverse_ordinary	10378470	10383699	5229	393	0	393	402
pp_replay_inverse_ordinary	10383699	10388928	5229	393	0	393	402
pp_replay_inverse_ordinary	10388928	10394157	5229	393	0	393	402
pp_replay_inverse_ordinary	10394157	10399386	5229	393	0	393	402
pp_replay_inverse_ordinary	10399386	10404615	5229	393	0	393	402
pp_replay_inverse_ordinary	10404615	10409844	5229	393	0	393	402
pp_replay_inverse_ordinary	10409844	10415073	5229	393	0	393	402
pp_replay_inverse_ordinary	10415073	10420302	5229	393	0	393	402
pp_replay_inverse_ordinary	10420302	10425531	5229	393	0	393	402
pp_replay_inverse_ordinary	10425531	10430760	5229	393	0	393	402
pp_replay_inverse_ordinary	10430760	10435989	5229	393	0	393	402
pp_replay_inverse_ordinary	10435989	10441218	5229	393	0	393	402
pp_replay_inverse_ordinary	10441218	10446447	5229	393	0	393	402
pp_replay_inverse_ordinary	10446447	10451676	5229	393	0	393	402
pp_replay_inverse_ordinary	10451676	10456905	5229	393	0	393	402
pp_replay_inverse_ordinary	10456905	10462134	5229	393	0	393	402
pp_replay_inverse_ordinary	10462134	10467363	5229	393	0	393	402
pp_replay_inverse_ordinary	10467363	10472592	5229	393	0	393	402
pp_replay_inverse_ordinary	10472592	10477821	5229	393	0	393	402
pp_replay_inverse_ordinary	10477821	10483050	5229	393	0	393	402
pp_replay_inverse_ordinary	10483050	10488279	5229	393	0	393	402
pp_replay_inverse_ordinary	10488279	10493508	5229	393	0	393	402
pp_replay_inverse_ordinary	10493508	10498737	5229	393	0	393	402
pp_replay_inverse_ordinary	10498737	10503966	5229	393	0	393	402
pp_replay_inverse_ordinary	10503966	10509195	5229	393	0	393	402
pp_replay_inverse_ordinary	10509195	10514424	5229	393	0	393	402
pp_replay_inverse_ordinary	10514424	10519653	5229	393	0	393	402
pp_replay_inverse_ordinary	10519653	10524882	5229	393	0	393	402
pp_replay_inverse_ordinary	10524882	10530111	5229	393	0	393	402
pp_replay_inverse_ordinary	10530111	10535340	5229	393	0	393	402
pp_replay_inverse_ordinary	10535340	10540569	5229	393	0	393	402
pp_replay_inverse_ordinary	10540569	10545798	5229	393	0	393	402
pp_replay_inverse_ordinary	10545798	10551027	5229	393	0	393	402
pp_replay_inverse_ordinary	10551027	10556256	5229	393	0	393	402
pp_replay_inverse_ordinary	10556256	10561485	5229	393	0	393	402
pp_replay_inverse_ordinary	10561485	10566714	5229	393	0	393	402
pp_replay_inverse_ordinary	10566714	10571943	5229	393	0	393	402
pp_replay_inverse_ordinary	10571943	10577172	5229	393	0	393	402
pp_replay_inverse_ordinary	10577172	10582401	5229	393	0	393	402
pp_replay_inverse_ordinary	10582401	10587630	5229	393	0	393	402
pp_replay_inverse_ordinary	10587630	10592859	5229	393	0	393	402
pp_replay_inverse_ordinary	10592859	10598088	5229	393	0	393	402
pp_replay_inverse_ordinary	10598088	10603317	5229	393	0	393	402
pp_replay_inverse_ordinary	10603317	10608546	5229	393	0	393	402
pp_replay_inverse_ordinary	10608546	10613775	5229	393	0	393	402
pp_replay_inverse_ordinary	10613775	10619004	5229	393	0	393	402
pp_replay_inverse_ordinary	10619004	10624233	5229	393	0	393	402
pp_replay_inverse_ordinary	10624233	10629462	5229	393	0	393	402
pp_replay_inverse_ordinary	10629462	10634691	5229	393	0	393	402
pp_replay_inverse_ordinary	10634691	10639920	5229	393	0	393	402
pp_replay_inverse_ordinary	10639920	10645149	5229	393	0	393	402
pp_replay_inverse_ordinary	10645149	10650378	5229	393	0	393	402
pp_replay_inverse_ordinary	10650378	10655607	5229	393	0	393	402
pp_replay_inverse_ordinary	10655607	10660836	5229	393	0	393	402
pp_replay_inverse_ordinary	10660836	10666065	5229	393	0	393	402
pp_replay_inverse_ordinary	10666065	10671294	5229	393	0	393	402
pp_replay_inverse_ordinary	10671294	10676523	5229	393	0	393	402
pp_replay_inverse_ordinary	10676523	10681752	5229	393	0	393	402
pp_replay_inverse_ordinary	10681752	10686981	5229	393	0	393	402
pp_replay_inverse_ordinary	10686981	10692210	5229	393	0	393	402
pp_replay_inverse_ordinary	10692210	10697439	5229	393	0	393	402
pp_replay_inverse_ordinary	10697439	10702668	5229	393	0	393	402
pp_replay_inverse_ordinary	10702668	10707897	5229	393	0	393	402
pp_replay_inverse_ordinary	10707897	10713126	5229	393	0	393	402
pp_replay_inverse_ordinary	10713126	10718355	5229	393	0	393	402
pp_replay_inverse_ordinary	10718355	10723584	5229	393	0	393	402
pp_replay_inverse_ordinary	10723584	10728813	5229	393	0	393	402
pp_replay_inverse_ordinary	10728813	10734042	5229	393	0	393	402
pp_replay_inverse_ordinary	10734042	10739271	5229	393	0	393	402
pp_replay_inverse_ordinary	10739271	10744500	5229	393	0	393	402
pp_replay_inverse_ordinary	10744500	10749729	5229	393	0	393	402
pp_replay_inverse_ordinary	10749729	10754958	5229	393	0	393	402
pp_replay_inverse_ordinary	10754958	10760187	5229	393	0	393	402
pp_replay_inverse_ordinary	10760187	10765416	5229	393	0	393	402
pp_replay_inverse_ordinary	10765416	10770645	5229	393	0	393	402
pp_replay_inverse_ordinary	10770645	10775874	5229	393	0	393	402
pp_replay_inverse_ordinary	10775874	10781103	5229	393	0	393	402
pp_replay_inverse_ordinary	10781103	10786332	5229	393	0	393	402
pp_replay_inverse_ordinary	10786332	10791561	5229	393	0	393	402
pp_replay_inverse_ordinary	10791561	10796790	5229	393	0	393	402
pp_replay_inverse_ordinary	10796790	10802019	5229	393	0	393	402
pp_replay_inverse_ordinary	10802019	10807248	5229	393	0	393	402
pp_replay_inverse_ordinary	10807248	10812477	5229	393	0	393	402
pp_replay_inverse_ordinary	10812477	10817706	5229	393	0	393	402
pp_replay_inverse_ordinary	10817706	10822935	5229	393	0	393	402
pp_replay_inverse_ordinary	10822935	10828164	5229	393	0	393	402
pp_replay_inverse_ordinary	10828164	10833393	5229	393	0	393	402
pp_replay_inverse_ordinary	10833393	10838622	5229	393	0	393	402
pp_replay_inverse_ordinary	10838622	10843851	5229	393	0	393	402
pp_replay_inverse_ordinary	10843851	10849080	5229	393	0	393	402
pp_replay_inverse_ordinary	10849080	10854309	5229	393	0	393	402
pp_replay_inverse_ordinary	10854309	10859538	5229	393	0	393	402
pp_replay_inverse_ordinary	10859538	10864767	5229	393	0	393	402
pp_replay_inverse_ordinary	10864767	10869996	5229	393	0	393	402
pp_replay_inverse_ordinary	10869996	10875225	5229	393	0	393	402
pp_replay_inverse_ordinary	10875225	10880454	5229	393	0	393	402
pp_replay_inverse_ordinary	10880454	10885683	5229	393	0	393	402
pp_replay_inverse_ordinary	10885683	10890912	5229	393	0	393	402
pp_replay_inverse_ordinary	10890912	10896141	5229	393	0	393	402
pp_replay_inverse_ordinary	10896141	10901370	5229	393	0	393	402
pp_replay_inverse_ordinary	10901370	10906599	5229	393	0	393	402
pp_replay_inverse_ordinary	10906599	10911828	5229	393	0	393	402
pp_replay_inverse_ordinary	10911828	10917057	5229	393	0	393	402
pp_replay_inverse_ordinary	10917057	10922286	5229	393	0	393	402
pp_replay_inverse_ordinary	10922286	10927515	5229	393	0	393	402
pp_replay_inverse_ordinary	10927515	10932744	5229	393	0	393	402
pp_replay_inverse_ordinary	10932744	10937973	5229	393	0	393	402
pp_replay_inverse_ordinary	10937973	10943202	5229	393	0	393	402
pp_replay_inverse_ordinary	10943202	10948431	5229	393	0	393	402
pp_replay_inverse_ordinary	10948431	10953660	5229	393	0	393	402
pp_replay_inverse_ordinary	10953660	10958889	5229	393	0	393	402
pp_replay_inverse_ordinary	10958889	10964118	5229	393	0	393	402
pp_replay_inverse_ordinary	10964118	10969347	5229	393	0	393	402
pp_replay_inverse_ordinary	10969347	10974576	5229	393	0	393	402
pp_replay_inverse_ordinary	10974576	10979805	5229	393	0	393	402
pp_replay_inverse_ordinary	10979805	10985034	5229	393	0	393	402
pp_replay_inverse_ordinary	10985034	10990263	5229	393	0	393	402
pp_replay_inverse_ordinary	10990263	10995492	5229	393	0	393	402
pp_replay_inverse_ordinary	10995492	11000721	5229	393	0	393	402
pp_replay_inverse_ordinary	11000721	11005950	5229	393	0	393	402
pp_replay_inverse_ordinary	11005950	11011179	5229	393	0	393	402
pp_replay_inverse_ordinary	11011179	11016408	5229	393	0	393	402
pp_replay_inverse_ordinary	11016408	11021637	5229	393	0	393	402
pp_replay_inverse_ordinary	11021637	11026866	5229	393	0	393	402
pp_replay_inverse_ordinary	11026866	11032095	5229	393	0	393	402
pp_replay_inverse_ordinary	11032095	11037324	5229	393	0	393	402
pp_replay_inverse_ordinary	11037324	11042553	5229	393	0	393	402
pp_replay_inverse_ordinary	11042553	11047782	5229	393	0	393	402
pp_replay_inverse_ordinary	11047782	11053011	5229	393	0	393	402
pp_replay_inverse_ordinary	11053011	11058240	5229	393	0	393	402
pp_replay_inverse_ordinary	11058240	11063469	5229	393	0	393	402
pp_replay_inverse_ordinary	11063469	11068698	5229	393	0	393	402
pp_replay_inverse_ordinary	11068698	11073927	5229	393	0	393	402
pp_replay_inverse_ordinary	11073927	11079156	5229	393	0	393	402
pp_replay_inverse_ordinary	11079156	11084385	5229	393	0	393	402
pp_replay_inverse_ordinary	11084385	11089614	5229	393	0	393	402
pp_replay_inverse_ordinary	11089614	11094843	5229	393	0	393	402
pp_replay_inverse_ordinary	11094843	11100072	5229	393	0	393	402
pp_replay_inverse_ordinary	11100072	11105301	5229	393	0	393	402
pp_replay_inverse_ordinary	11105301	11110530	5229	393	0	393	402
pp_replay_inverse_ordinary	11110530	11115759	5229	393	0	393	402
pp_replay_inverse_ordinary	11115759	11120988	5229	393	0	393	402
pp_replay_inverse_ordinary	11120988	11126217	5229	393	0	393	402
pp_replay_inverse_ordinary	11126217	11131446	5229	393	0	393	402
pp_replay_inverse_ordinary	11131446	11136675	5229	393	0	393	402
pp_replay_inverse_ordinary	11136675	11141904	5229	393	0	393	402
pp_replay_inverse_ordinary	11141904	11147133	5229	393	0	393	402
pp_replay_inverse_ordinary	11147133	11152362	5229	393	0	393	402
pp_replay_inverse_ordinary	11152362	11157591	5229	393	0	393	402
pp_replay_inverse_ordinary	11157591	11162820	5229	393	0	393	402
pp_replay_inverse_ordinary	11162820	11168049	5229	393	0	393	402
pp_replay_inverse_ordinary	11168049	11173278	5229	393	0	393	402
pp_replay_inverse_ordinary	11173278	11178507	5229	393	0	393	402
pp_replay_inverse_ordinary	11178507	11183736	5229	393	0	393	402
pp_replay_inverse_ordinary	11183736	11188965	5229	393	0	393	402
pp_replay_inverse_ordinary	11188965	11194194	5229	393	0	393	402
pp_replay_inverse_ordinary	11194194	11199423	5229	393	0	393	402
pp_replay_inverse_ordinary	11199423	11204652	5229	393	0	393	402
pp_replay_inverse_ordinary	11204652	11209881	5229	393	0	393	402
pp_replay_inverse_ordinary	11209881	11215110	5229	393	0	393	402
pp_replay_inverse_ordinary	11215110	11220339	5229	393	0	393	402
pp_replay_inverse_ordinary	11220339	11225568	5229	393	0	393	402
pp_replay_inverse_ordinary	11225568	11230797	5229	393	0	393	402
pp_replay_inverse_ordinary	11230797	11236026	5229	393	0	393	402
pp_replay_inverse_ordinary	11236026	11241255	5229	393	0	393	402
pp_replay_inverse_ordinary	11241255	11246484	5229	393	0	393	402
pp_replay_inverse_ordinary	11246484	11251713	5229	393	0	393	402
pp_replay_inverse_ordinary	11251713	11256942	5229	393	0	393	402
pp_replay_inverse_ordinary	11256942	11262171	5229	393	0	393	402
pp_replay_inverse_ordinary	11262171	11267400	5229	393	0	393	402
pp_replay_inverse_ordinary	11267400	11272629	5229	393	0	393	402
pp_replay_inverse_ordinary	11272629	11277858	5229	393	0	393	402
pp_replay_inverse_ordinary	11277858	11283087	5229	393	0	393	402
pp_replay_inverse_ordinary	11283087	11288316	5229	393	0	393	402
pp_replay_inverse_ordinary	11288316	11293545	5229	393	0	393	402
pp_replay_inverse_ordinary	11293545	11298774	5229	393	0	393	402
pp_replay_inverse_ordinary	11298774	11304003	5229	393	0	393	402
pp_replay_inverse_ordinary	11304003	11309232	5229	393	0	393	402
pp_replay_inverse_ordinary	11309232	11314461	5229	393	0	393	402
pp_replay_inverse_ordinary	11314461	11319690	5229	393	0	393	402
pp_replay_inverse_ordinary	11319690	11324919	5229	393	0	393	402
pp_replay_inverse_ordinary	11324919	11330148	5229	393	0	393	402
pp_replay_inverse_ordinary	11330148	11335377	5229	393	0	393	402
pp_replay_inverse_ordinary	11335377	11340606	5229	393	0	393	402
pp_replay_inverse_ordinary	11340606	11345835	5229	393	0	393	402
pp_replay_inverse_ordinary	11345835	11351064	5229	393	0	393	402
pp_replay_inverse_ordinary	11351064	11356293	5229	393	0	393	402
pp_replay_inverse_ordinary	11356293	11361522	5229	393	0	393	402
pp_replay_inverse_ordinary	11361522	11366751	5229	393	0	393	402
pp_replay_inverse_ordinary	11366751	11371980	5229	393	0	393	402
pp_replay_inverse_ordinary	11371980	11377209	5229	393	0	393	402
pp_replay_inverse_ordinary	11377209	11382438	5229	393	0	393	402
pp_replay_inverse_ordinary	11382438	11387667	5229	393	0	393	402
pp_replay_inverse_ordinary	11387667	11392896	5229	393	0	393	402
pp_replay_inverse_ordinary	11392896	11398125	5229	393	0	393	402
pp_replay_inverse_ordinary	11398125	11403354	5229	393	0	393	402
pp_replay_inverse_ordinary	11403354	11408583	5229	393	0	393	402
pp_replay_inverse_ordinary	11408583	11413812	5229	393	0	393	402
pp_replay_inverse_ordinary	11413812	11419041	5229	393	0	393	402
pp_replay_inverse_ordinary	11419041	11424270	5229	393	0	393	402
pp_replay_inverse_ordinary	11424270	11429499	5229	393	0	393	402
pp_replay_inverse_ordinary	11429499	11434728	5229	393	0	393	402
pp_replay_inverse_ordinary	11434728	11439957	5229	393	0	393	402
pp_replay_inverse_ordinary	11439957	11445186	5229	393	0	393	402
pp_replay_inverse_ordinary	11445186	11450415	5229	393	0	393	402
pp_replay_inverse_ordinary	11450415	11455644	5229	393	0	393	402
pp_replay_inverse_ordinary	11455644	11460873	5229	393	0	393	402
pp_replay_inverse_ordinary	11460873	11466102	5229	393	0	393	402
pp_replay_inverse_ordinary	11466102	11471331	5229	393	0	393	402
pp_replay_inverse_ordinary	11471331	11476560	5229	393	0	393	402
pp_replay_inverse_ordinary	11476560	11481789	5229	393	0	393	402
pp_replay_inverse_ordinary	11481789	11487018	5229	393	0	393	402
pp_replay_inverse_ordinary	11487018	11492247	5229	393	0	393	402
pp_replay_inverse_ordinary	11492247	11497476	5229	393	0	393	402
pp_replay_inverse_ordinary	11497476	11502705	5229	393	0	393	402
pp_replay_inverse_ordinary	11502705	11507934	5229	393	0	393	402
pp_replay_inverse_ordinary	11507934	11513163	5229	393	0	393	402
pp_replay_inverse_ordinary	11513163	11518392	5229	393	0	393	402
pp_replay_inverse_ordinary	11518392	11523621	5229	393	0	393	402
pp_replay_inverse_ordinary	11523621	11528850	5229	393	0	393	402
pp_replay_inverse_ordinary	11528850	11534079	5229	393	0	393	402
pp_replay_inverse_ordinary	11534079	11539308	5229	393	0	393	402
pp_replay_inverse_ordinary	11539308	11544537	5229	393	0	393	402
pp_replay_inverse_ordinary	11544537	11549766	5229	393	0	393	402
pp_replay_inverse_ordinary	11549766	11554995	5229	393	0	393	402
pp_replay_inverse_ordinary	11554995	11560224	5229	393	0	393	402
pp_replay_inverse_ordinary	11560224	11565453	5229	393	0	393	402
pp_replay_inverse_ordinary	11565453	11570682	5229	393	0	393	402
pp_replay_inverse_ordinary	11570682	11575911	5229	393	0	393	402
pp_replay_inverse_ordinary	11575911	11581140	5229	393	0	393	402
pp_replay_inverse_ordinary	11581140	11586369	5229	393	0	393	402
pp_replay_inverse_ordinary	11586369	11591598	5229	393	0	393	402
pp_replay_inverse_ordinary	11591598	11596827	5229	393	0	393	402
pp_replay_inverse_ordinary	11596827	11602056	5229	393	0	393	402
pp_replay_inverse_ordinary	11602056	11607285	5229	393	0	393	402
pp_replay_inverse_ordinary	11607285	11612514	5229	393	0	393	402
pp_replay_inverse_ordinary	11612514	11617743	5229	393	0	393	402
pp_replay_inverse_ordinary	11617743	11622972	5229	393	0	393	402
pp_replay_inverse_ordinary	11622972	11628201	5229	393	0	393	402
pp_replay_inverse_ordinary	11628201	11633430	5229	393	0	393	402
pp_replay_inverse_ordinary	11633430	11638659	5229	393	0	393	402
pp_replay_inverse_ordinary	11638659	11643888	5229	393	0	393	402
pp_replay_inverse_ordinary	11643888	11649117	5229	393	0	393	402
pp_replay_inverse_ordinary	11649117	11654346	5229	393	0	393	402
pp_replay_inverse_ordinary	11654346	11659575	5229	393	0	393	402
pp_replay_inverse_ordinary	11659575	11664804	5229	393	0	393	402
pp_replay_inverse_ordinary	11664804	11670033	5229	393	0	393	402
pp_replay_inverse_ordinary	11670033	11675262	5229	393	0	393	402
pp_replay_inverse_ordinary	11675262	11680491	5229	393	0	393	402
pp_replay_inverse_ordinary	11680491	11685720	5229	393	0	393	402
pp_replay_inverse_ordinary	11685720	11690949	5229	393	0	393	402
pp_replay_inverse_ordinary	11690949	11696178	5229	393	0	393	402
pp_replay_inverse_ordinary	11696178	11701407	5229	393	0	393	402
pp_replay_inverse_ordinary	11701407	11706636	5229	393	0	393	402
pp_replay_inverse_ordinary	11706636	11711865	5229	393	0	393	402
pp_replay_inverse_ordinary	11711865	11717094	5229	393	0	393	402
pp_replay_inverse_ordinary	11717094	11722323	5229	393	0	393	402
pp_replay_inverse_ordinary	11722323	11727552	5229	393	0	393	402
pp_replay_inverse_ordinary	11727552	11732781	5229	393	0	393	402
pp_replay_inverse_ordinary	11732781	11738010	5229	393	0	393	402
pp_replay_inverse_ordinary	11738010	11743239	5229	393	0	393	402
pp_replay_inverse_ordinary	11743239	11748468	5229	393	0	393	402
pp_replay_inverse_ordinary	11748468	11753697	5229	393	0	393	402
pp_replay_inverse_ordinary	11753697	11758926	5229	393	0	393	402
pp_replay_inverse_ordinary	11758926	11764155	5229	393	0	393	402
pp_replay_inverse_ordinary	11764155	11769384	5229	393	0	393	402
pp_replay_inverse_ordinary	11769384	11774613	5229	393	0	393	402
pp_replay_inverse_ordinary	11774613	11779842	5229	393	0	393	402
pp_replay_inverse_ordinary	11779842	11785071	5229	393	0	393	402
pp_replay_inverse_ordinary	11785071	11790300	5229	393	0	393	402
pp_replay_inverse_ordinary	11790300	11795529	5229	393	0	393	402
pp_replay_inverse_ordinary	11795529	11800758	5229	393	0	393	402
pp_replay_inverse_ordinary	11800758	11805987	5229	393	0	393	402
pp_replay_inverse_ordinary	11805987	11811216	5229	393	0	393	402
pp_replay_inverse_ordinary	11811216	11816445	5229	393	0	393	402
pp_replay_inverse_ordinary	11816445	11821674	5229	393	0	393	402
pp_replay_inverse_ordinary	11821674	11826903	5229	393	0	393	402
pp_replay_inverse_ordinary	11826903	11832132	5229	393	0	393	402
pp_replay_inverse_ordinary	11832132	11837361	5229	393	0	393	402
pp_replay_inverse_ordinary	11837361	11842590	5229	393	0	393	402
pp_replay_inverse_ordinary	11842590	11847819	5229	393	0	393	402
pp_replay_inverse_ordinary	11847819	11853048	5229	393	0	393	402
pp_replay_inverse_ordinary	11853048	11858277	5229	393	0	393	402
pp_replay_inverse_ordinary	11858277	11863506	5229	393	0	393	402
pp_replay_inverse_ordinary	11863506	11868735	5229	393	0	393	402
pp_replay_inverse_ordinary	11868735	11873964	5229	393	0	393	402
pp_replay_inverse_ordinary	11873964	11879193	5229	393	0	393	402
pp_replay_inverse_ordinary	11879193	11884422	5229	393	0	393	402
pp_replay_inverse_ordinary	11884422	11889651	5229	393	0	393	402
pp_replay_inverse_ordinary	11889651	11894880	5229	393	0	393	402
pp_replay_inverse_ordinary	11894880	11900109	5229	393	0	393	402
pp_replay_inverse_ordinary	11900109	11905338	5229	393	0	393	402
pp_replay_inverse_ordinary	11905338	11910567	5229	393	0	393	402
pp_replay_inverse_ordinary	11910567	11915796	5229	393	0	393	402
pp_replay_inverse_ordinary	11915796	11921025	5229	393	0	393	402
pp_replay_inverse_ordinary	11921025	11926254	5229	393	0	393	402
pp_replay_inverse_ordinary	11926254	11931483	5229	393	0	393	402
pp_replay_inverse_ordinary	11931483	11936712	5229	393	0	393	402
pp_replay_inverse_ordinary	11936712	11941941	5229	393	0	393	402
pp_replay_inverse_ordinary	11941941	11947170	5229	393	0	393	402
pp_replay_inverse_ordinary	11947170	11952399	5229	393	0	393	402
pp_replay_inverse_ordinary	11952399	11957628	5229	393	0	393	402
pp_replay_inverse_ordinary	11957628	11962857	5229	393	0	393	402
pp_replay_inverse_ordinary	11962857	11968086	5229	393	0	393	402
pp_replay_inverse_ordinary	11968086	11973315	5229	393	0	393	402
pp_replay_inverse_ordinary	11973315	11978544	5229	393	0	393	402
pp_replay_inverse_ordinary	11978544	11983773	5229	393	0	393	402
pp_replay_inverse_ordinary	11983773	11989002	5229	393	0	393	402
pp_replay_inverse_ordinary	11989002	11994231	5229	393	0	393	402
pp_replay_inverse_ordinary	11994231	11999460	5229	393	0	393	402
pp_replay_inverse_ordinary	11999460	12004689	5229	393	0	393	402
pp_replay_inverse_ordinary	12004689	12009918	5229	393	0	393	402
pp_replay_inverse_ordinary	12009918	12015147	5229	393	0	393	402
pp_replay_inverse_seed	12015147	12017081	1934	152	0	153	154
pp_replay_inverse_initial	12017081	12018004	923	88	0	88	89
pp_coefficient_clear	12018004	12018260	256	0	0	0	256
pp_value_reverse	12018260	13321921	1303661	98742	0	98742	100855
pp_restore_layout	13321921	13322933	1012	0	0	0	428
tlm_coord_y_sub_final	13322933	13329541	6608	330	2	331	590
tlm_coord_rsub_final	13329541	13341512	11971	330	2	331	590
