k_zero_based,round_one_based,base704,rounds736,widths_guarded736,proposed_taper768,proposed_full259_768,proved_sufficient_ordinary_width258
0,1,259,259,259,259,259,258
1,2,259,259,259,259,259,258
2,3,259,259,259,259,259,258
3,4,259,259,259,259,259,258
4,5,259,259,259,259,259,258
5,6,259,259,259,259,259,258
6,7,259,259,259,259,259,258
7,8,259,259,259,259,259,258
8,9,259,259,259,259,259,258
9,10,259,259,259,259,259,258
10,11,259,259,259,259,259,258
11,12,259,259,259,259,259,258
12,13,258,258,259,259,259,258
13,14,258,258,259,259,259,258
14,15,258,258,259,259,259,258
15,16,258,258,259,259,259,258
16,17,258,258,259,259,259,258
17,18,258,258,259,259,259,258
18,19,257,257,259,259,259,258
19,20,257,257,259,259,259,258
20,21,257,257,259,259,259,258
21,22,257,257,259,259,259,258
22,23,257,257,259,259,259,258
23,24,257,257,259,259,259,258
24,25,256,256,259,259,259,258
25,26,256,256,259,259,259,258
26,27,256,256,259,259,259,258
27,28,256,256,259,259,259,258
28,29,256,256,259,259,259,258
29,30,256,256,259,259,259,258
30,31,255,255,259,259,259,258
31,32,255,255,259,259,259,258
32,33,255,255,259,259,259,258
33,34,255,255,259,259,259,258
34,35,255,255,259,259,259,258
35,36,255,255,259,259,259,258
36,37,254,254,259,259,259,258
37,38,254,254,259,259,259,258
38,39,254,254,259,259,259,258
39,40,254,254,259,259,259,258
40,41,254,254,259,259,259,258
41,42,254,254,259,259,259,258
42,43,254,254,259,259,259,258
43,44,254,254,259,259,259,258
44,45,253,253,259,259,259,258
45,46,253,253,259,259,259,258
46,47,253,253,259,259,259,258
47,48,252,252,259,259,259,258
48,49,252,252,259,259,259,258
49,50,252,252,259,259,259,258
50,51,251,251,259,259,259,258
51,52,251,251,259,259,259,258
52,53,251,251,259,259,259,258
53,54,250,250,259,259,259,258
54,55,250,250,259,259,259,258
55,56,250,250,259,259,259,258
56,57,249,249,259,259,259,258
57,58,249,249,259,259,259,258
58,59,249,249,259,259,259,258
59,60,248,248,259,259,259,258
60,61,248,248,259,259,259,258
61,62,248,248,259,259,259,258
62,63,247,247,259,259,259,258
63,64,247,247,259,259,259,258
64,65,247,247,259,259,259,258
65,66,246,246,259,259,259,258
66,67,246,246,259,259,259,258
67,68,246,246,259,259,259,258
68,69,245,245,259,259,259,258
69,70,245,245,259,259,259,258
70,71,245,245,259,259,259,258
71,72,244,244,259,259,259,258
72,73,244,244,259,259,259,258
73,74,244,244,259,259,259,258
74,75,243,243,259,259,259,258
75,76,243,243,259,259,259,258
76,77,243,243,259,259,259,258
77,78,242,242,258,258,259,258
78,79,242,242,258,258,259,258
79,80,242,242,258,258,259,258
80,81,241,241,257,257,259,258
81,82,241,241,257,257,259,258
82,83,241,241,257,257,259,258
83,84,240,240,256,256,259,258
84,85,240,240,256,256,259,258
85,86,240,240,256,256,259,258
86,87,239,239,255,255,259,258
87,88,239,239,255,255,259,258
88,89,239,239,255,255,259,258
89,90,238,238,254,254,259,258
90,91,238,238,254,254,259,258
91,92,238,238,254,254,259,258
92,93,237,237,253,253,259,258
93,94,237,237,253,253,259,258
94,95,237,237,253,253,259,258
95,96,236,236,252,252,259,258
96,97,236,236,252,252,259,258
97,98,236,236,252,252,259,258
98,99,235,235,251,251,259,258
99,100,235,235,251,251,259,258
100,101,235,235,251,251,259,258
101,102,234,234,250,250,259,258
102,103,234,234,250,250,259,258
103,104,234,234,250,250,259,258
104,105,233,233,249,249,259,258
105,106,233,233,249,249,259,258
106,107,233,233,249,249,259,258
107,108,232,232,248,248,259,258
108,109,232,232,248,248,259,258
109,110,232,232,248,248,259,258
110,111,231,231,247,247,259,258
111,112,231,231,247,247,259,258
112,113,231,231,247,247,259,258
113,114,230,230,246,246,259,258
114,115,230,230,246,246,259,258
115,116,230,230,246,246,259,258
116,117,229,229,245,245,259,258
117,118,229,229,245,245,259,258
118,119,229,229,245,245,259,258
119,120,228,228,244,244,259,258
120,121,228,228,244,244,259,258
121,122,228,228,244,244,259,258
122,123,227,227,243,243,259,258
123,124,227,227,243,243,259,258
124,125,227,227,243,243,259,258
125,126,226,226,242,242,259,258
126,127,226,226,242,242,259,258
127,128,226,226,242,242,259,258
128,129,225,225,241,241,259,258
129,130,225,225,241,241,259,258
130,131,225,225,241,241,259,258
131,132,224,224,240,240,259,258
132,133,224,224,240,240,259,258
133,134,224,224,240,240,259,258
134,135,223,223,239,239,259,258
135,136,223,223,239,239,259,258
136,137,223,223,239,239,259,258
137,138,222,222,238,238,259,258
138,139,222,222,238,238,259,258
139,140,222,222,238,238,259,258
140,141,221,221,237,237,259,258
141,142,221,221,237,237,259,258
142,143,221,221,237,237,259,258
143,144,221,221,237,237,259,258
144,145,220,220,236,236,259,258
145,146,220,220,236,236,259,258
146,147,220,220,236,236,259,258
147,148,219,219,235,235,259,258
148,149,219,219,235,235,259,258
149,150,219,219,235,235,259,258
150,151,218,218,234,234,259,258
151,152,218,218,234,234,259,258
152,153,218,218,234,234,259,258
153,154,217,217,233,233,259,258
154,155,217,217,233,233,259,258
155,156,217,217,233,233,259,258
156,157,216,216,232,232,259,258
157,158,216,216,232,232,259,258
158,159,216,216,232,232,259,258
159,160,215,215,231,231,259,258
160,161,215,215,231,231,259,258
161,162,215,215,231,231,259,258
162,163,214,214,230,230,259,258
163,164,214,214,230,230,259,258
164,165,214,214,230,230,259,258
165,166,213,213,229,229,259,258
166,167,213,213,229,229,259,258
167,168,213,213,229,229,259,258
168,169,212,212,228,228,259,258
169,170,212,212,228,228,259,258
170,171,212,212,228,228,259,258
171,172,211,211,227,227,259,258
172,173,211,211,227,227,259,258
173,174,211,211,227,227,259,258
174,175,210,210,226,226,259,258
175,176,210,210,226,226,259,258
176,177,210,210,226,226,259,258
177,178,209,209,225,225,259,258
178,179,209,209,225,225,259,258
179,180,209,209,225,225,259,258
180,181,208,208,224,224,259,258
181,182,208,208,224,224,259,258
182,183,208,208,224,224,259,258
183,184,207,207,223,223,259,258
184,185,207,207,223,223,259,258
185,186,207,207,223,223,259,258
186,187,206,206,222,222,259,258
187,188,206,206,222,222,259,258
188,189,206,206,222,222,259,258
189,190,205,205,221,221,259,258
190,191,205,205,221,221,259,258
191,192,205,205,221,221,259,258
192,193,204,204,220,220,259,258
193,194,204,204,220,220,259,258
194,195,204,204,220,220,259,258
195,196,203,203,219,219,259,258
196,197,203,203,219,219,259,258
197,198,203,203,219,219,259,258
198,199,202,202,218,218,259,258
199,200,202,202,218,218,259,258
200,201,202,202,218,218,259,258
201,202,201,201,217,217,259,258
202,203,201,201,217,217,259,258
203,204,201,201,217,217,259,258
204,205,200,200,216,216,259,258
205,206,200,200,216,216,259,258
206,207,200,200,216,216,259,258
207,208,199,199,215,215,259,258
208,209,199,199,215,215,259,258
209,210,199,199,215,215,259,258
210,211,198,198,214,214,259,258
211,212,198,198,214,214,259,258
212,213,198,198,214,214,259,258
213,214,197,197,213,213,259,258
214,215,197,197,213,213,259,258
215,216,197,197,213,213,259,258
216,217,196,196,212,212,259,258
217,218,196,196,212,212,259,258
218,219,196,196,212,212,259,258
219,220,195,195,211,211,259,258
220,221,195,195,211,211,259,258
221,222,195,195,211,211,259,258
222,223,194,194,210,210,259,258
223,224,194,194,210,210,259,258
224,225,194,194,210,210,259,258
225,226,193,193,209,209,259,258
226,227,193,193,209,209,259,258
227,228,193,193,209,209,259,258
228,229,192,192,208,208,259,258
229,230,192,192,208,208,259,258
230,231,192,192,208,208,259,258
231,232,191,191,207,207,259,258
232,233,191,191,207,207,259,258
233,234,191,191,207,207,259,258
234,235,190,190,206,206,259,258
235,236,190,190,206,206,259,258
236,237,190,190,206,206,259,258
237,238,189,189,205,205,259,258
238,239,189,189,205,205,259,258
239,240,189,189,205,205,259,258
240,241,188,188,204,204,259,258
241,242,188,188,204,204,259,258
242,243,188,188,204,204,259,258
243,244,188,188,204,204,259,258
244,245,187,187,203,203,259,258
245,246,187,187,203,203,259,258
246,247,187,187,203,203,259,258
247,248,186,186,202,202,259,258
248,249,186,186,202,202,259,258
249,250,186,186,202,202,259,258
250,251,185,185,201,201,259,258
251,252,185,185,201,201,259,258
252,253,185,185,201,201,259,258
253,254,184,184,200,200,259,258
254,255,184,184,200,200,259,258
255,256,184,184,200,200,259,258
256,257,183,183,199,199,259,258
257,258,183,183,199,199,259,258
258,259,183,183,199,199,259,258
259,260,182,182,198,198,259,258
260,261,182,182,198,198,259,258
261,262,182,182,198,198,259,258
262,263,181,181,197,197,259,258
263,264,181,181,197,197,259,258
264,265,181,181,197,197,259,258
265,266,180,180,196,196,259,258
266,267,180,180,196,196,259,258
267,268,180,180,196,196,259,258
268,269,179,179,195,195,259,258
269,270,179,179,195,195,259,258
270,271,179,179,195,195,259,258
271,272,178,178,194,194,259,258
272,273,178,178,194,194,259,258
273,274,178,178,194,194,259,258
274,275,177,177,193,193,259,258
275,276,177,177,193,193,259,258
276,277,177,177,193,193,259,258
277,278,176,176,192,192,259,258
278,279,176,176,192,192,259,258
279,280,176,176,192,192,259,258
280,281,175,175,191,191,259,258
281,282,175,175,191,191,259,258
282,283,175,175,191,191,259,258
283,284,174,174,190,190,259,258
284,285,174,174,190,190,259,258
285,286,174,174,190,190,259,258
286,287,173,173,189,189,259,258
287,288,173,173,189,189,259,258
288,289,173,173,189,189,259,258
289,290,172,172,188,188,259,258
290,291,172,172,188,188,259,258
291,292,172,172,188,188,259,258
292,293,171,171,187,187,259,258
293,294,171,171,187,187,259,258
294,295,171,171,187,187,259,258
295,296,170,170,186,186,259,258
296,297,170,170,186,186,259,258
297,298,170,170,186,186,259,258
298,299,169,169,185,185,259,258
299,300,169,169,185,185,259,258
300,301,169,169,185,185,259,258
301,302,168,168,184,184,259,258
302,303,168,168,184,184,259,258
303,304,168,168,184,184,259,258
304,305,167,167,183,183,259,258
305,306,167,167,183,183,259,258
306,307,167,167,183,183,259,258
307,308,166,166,182,182,259,258
308,309,166,166,182,182,259,258
309,310,165,165,181,181,259,258
310,311,165,165,181,181,259,258
311,312,165,165,181,181,259,258
312,313,164,164,180,180,259,258
313,314,164,164,180,180,259,258
314,315,163,163,179,179,259,258
315,316,163,163,179,179,259,258
316,317,163,163,179,179,259,258
317,318,162,162,178,178,259,258
318,319,162,162,178,178,259,258
319,320,161,161,177,177,259,258
320,321,161,161,177,177,259,258
321,322,161,161,177,177,259,258
322,323,160,160,176,176,259,258
323,324,160,160,176,176,259,258
324,325,159,159,175,175,259,258
325,326,159,159,175,175,259,258
326,327,159,159,175,175,259,258
327,328,158,158,174,174,259,258
328,329,158,158,174,174,259,258
329,330,157,157,173,173,259,258
330,331,157,157,173,173,259,258
331,332,157,157,173,173,259,258
332,333,156,156,172,172,259,258
333,334,156,156,172,172,259,258
334,335,155,155,171,171,259,258
335,336,155,155,171,171,259,258
336,337,155,155,171,171,259,258
337,338,154,154,170,170,259,258
338,339,154,154,170,170,259,258
339,340,153,153,169,169,259,258
340,341,153,153,169,169,259,258
341,342,153,153,169,169,259,258
342,343,152,152,168,168,259,258
343,344,152,152,168,168,259,258
344,345,151,151,167,167,259,258
345,346,151,151,167,167,259,258
346,347,151,151,167,167,259,258
347,348,150,150,166,166,259,258
348,349,150,150,166,166,259,258
349,350,149,149,165,165,259,258
350,351,149,149,165,165,259,258
351,352,149,149,165,165,259,258
352,353,148,148,164,164,259,258
353,354,148,148,164,164,259,258
354,355,147,147,163,163,259,258
355,356,147,147,163,163,259,258
356,357,147,147,163,163,259,258
357,358,146,146,162,162,259,258
358,359,146,146,162,162,259,258
359,360,145,145,161,161,259,258
360,361,145,145,161,161,259,258
361,362,145,145,161,161,259,258
362,363,144,144,160,160,259,258
363,364,144,144,160,160,259,258
364,365,143,143,159,159,259,258
365,366,143,143,159,159,259,258
366,367,143,143,159,159,259,258
367,368,142,142,158,158,259,258
368,369,142,142,158,158,259,258
369,370,141,141,157,157,259,258
370,371,141,141,157,157,259,258
371,372,141,141,157,157,259,258
372,373,140,140,156,156,259,258
373,374,140,140,156,156,259,258
374,375,139,139,155,155,259,258
375,376,139,139,155,155,259,258
376,377,139,139,155,155,259,258
377,378,138,138,154,154,259,258
378,379,138,138,154,154,259,258
379,380,137,137,153,153,259,258
380,381,137,137,153,153,259,258
381,382,137,137,153,153,259,258
382,383,136,136,152,152,259,258
383,384,136,136,152,152,259,258
384,385,135,135,151,151,259,258
385,386,135,135,151,151,259,258
386,387,135,135,151,151,259,258
387,388,134,134,150,150,259,258
388,389,134,134,150,150,259,258
389,390,133,133,149,149,259,258
390,391,133,133,149,149,259,258
391,392,133,133,149,149,259,258
392,393,132,132,148,148,259,258
393,394,132,132,148,148,259,258
394,395,131,131,147,147,259,258
395,396,131,131,147,147,259,258
396,397,131,131,147,147,259,258
397,398,130,130,146,146,259,258
398,399,130,130,146,146,259,258
399,400,129,129,145,145,259,258
400,401,129,129,145,145,259,258
401,402,129,129,145,145,259,258
402,403,128,128,144,144,259,258
403,404,128,128,144,144,259,258
404,405,127,127,143,143,259,258
405,406,127,127,143,143,259,258
406,407,127,127,143,143,259,258
407,408,126,126,142,142,259,258
408,409,126,126,142,142,259,258
409,410,125,125,141,141,259,258
410,411,125,125,141,141,259,258
411,412,125,125,141,141,259,258
412,413,124,124,140,140,259,258
413,414,124,124,140,140,259,258
414,415,123,123,139,139,259,258
415,416,123,123,139,139,259,258
416,417,123,123,139,139,259,258
417,418,122,122,138,138,259,258
418,419,122,122,138,138,259,258
419,420,121,121,137,137,259,258
420,421,121,121,137,137,259,258
421,422,121,121,137,137,259,258
422,423,120,120,136,136,259,258
423,424,120,120,136,136,259,258
424,425,119,119,135,135,259,258
425,426,119,119,135,135,259,258
426,427,119,119,135,135,259,258
427,428,118,118,134,134,259,258
428,429,118,118,134,134,259,258
429,430,117,117,133,133,259,258
430,431,117,117,133,133,259,258
431,432,117,117,133,133,259,258
432,433,116,116,132,132,259,258
433,434,116,116,132,132,259,258
434,435,115,115,131,131,259,258
435,436,115,115,131,131,259,258
436,437,115,115,131,131,259,258
437,438,114,114,130,130,259,258
438,439,114,114,130,130,259,258
439,440,113,113,129,129,259,258
440,441,113,113,129,129,259,258
441,442,113,113,129,129,259,258
442,443,112,112,128,128,259,258
443,444,112,112,128,128,259,258
444,445,111,111,127,127,259,258
445,446,111,111,127,127,259,258
446,447,111,111,127,127,259,258
447,448,110,110,126,126,259,258
448,449,110,110,126,126,259,258
449,450,109,109,125,125,259,258
450,451,109,109,125,125,259,258
451,452,109,109,125,125,259,258
452,453,108,108,124,124,259,258
453,454,108,108,124,124,259,258
454,455,107,107,123,123,259,258
455,456,107,107,123,123,259,258
456,457,107,107,123,123,259,258
457,458,106,106,122,122,259,258
458,459,106,106,122,122,259,258
459,460,105,105,121,121,259,258
460,461,105,105,121,121,259,258
461,462,105,105,121,121,259,258
462,463,104,104,120,120,259,258
463,464,104,104,120,120,259,258
464,465,103,103,119,119,259,258
465,466,103,103,119,119,259,258
466,467,103,103,119,119,259,258
467,468,102,102,118,118,259,258
468,469,102,102,118,118,259,258
469,470,101,101,117,117,259,258
470,471,101,101,117,117,259,258
471,472,101,101,117,117,259,258
472,473,100,100,116,116,259,258
473,474,100,100,116,116,259,258
474,475,99,99,115,115,259,258
475,476,99,99,115,115,259,258
476,477,99,99,115,115,259,258
477,478,98,98,114,114,259,258
478,479,98,98,114,114,259,258
479,480,97,97,113,113,259,258
480,481,97,97,113,113,259,258
481,482,97,97,113,113,259,258
482,483,96,96,112,112,259,258
483,484,96,96,112,112,259,258
484,485,95,95,111,111,259,258
485,486,95,95,111,111,259,258
486,487,95,95,111,111,259,258
487,488,94,94,110,110,259,258
488,489,94,94,110,110,259,258
489,490,93,93,109,109,259,258
490,491,93,93,109,109,259,258
491,492,93,93,109,109,259,258
492,493,92,92,108,108,259,258
493,494,92,92,108,108,259,258
494,495,91,91,107,107,259,258
495,496,91,91,107,107,259,258
496,497,91,91,107,107,259,258
497,498,90,90,106,106,259,258
498,499,90,90,106,106,259,258
499,500,89,89,105,105,259,258
500,501,89,89,105,105,259,258
501,502,89,89,105,105,259,258
502,503,88,88,104,104,259,258
503,504,88,88,104,104,259,258
504,505,87,87,103,103,259,258
505,506,87,87,103,103,259,258
506,507,87,87,103,103,259,258
507,508,86,86,102,102,259,258
508,509,86,86,102,102,259,258
509,510,85,85,101,101,259,258
510,511,85,85,101,101,259,258
511,512,85,85,101,101,259,258
512,513,84,84,100,100,259,258
513,514,84,84,100,100,259,258
514,515,83,83,99,99,259,258
515,516,83,83,99,99,259,258
516,517,83,83,99,99,259,258
517,518,82,82,98,98,259,258
518,519,82,82,98,98,259,258
519,520,81,81,97,97,259,258
520,521,81,81,97,97,259,258
521,522,81,81,97,97,259,258
522,523,80,80,96,96,259,258
523,524,80,80,96,96,259,258
524,525,79,79,95,95,259,258
525,526,79,79,95,95,259,258
526,527,79,79,95,95,259,258
527,528,78,78,94,94,259,258
528,529,78,78,94,94,259,258
529,530,77,77,93,93,259,258
530,531,77,77,93,93,259,258
531,532,77,77,93,93,259,258
532,533,76,76,92,92,259,258
533,534,76,76,92,92,259,258
534,535,75,75,91,91,259,258
535,536,75,75,91,91,259,258
536,537,75,75,91,91,259,258
537,538,74,74,90,90,259,258
538,539,74,74,90,90,259,258
539,540,73,73,89,89,259,258
540,541,73,73,89,89,259,258
541,542,73,73,89,89,259,258
542,543,72,72,88,88,259,258
543,544,72,72,88,88,259,258
544,545,71,71,87,87,259,258
545,546,71,71,87,87,259,258
546,547,71,71,87,87,259,258
547,548,70,70,86,86,259,258
548,549,70,70,86,86,259,258
549,550,69,69,85,85,259,258
550,551,69,69,85,85,259,258
551,552,69,69,85,85,259,258
552,553,68,68,84,84,259,258
553,554,68,68,84,84,259,258
554,555,67,67,83,83,259,258
555,556,67,67,83,83,259,258
556,557,67,67,83,83,259,258
557,558,66,66,82,82,259,258
558,559,66,66,82,82,259,258
559,560,65,65,81,81,259,258
560,561,65,65,81,81,259,258
561,562,65,65,81,81,259,258
562,563,64,64,80,80,259,258
563,564,64,64,80,80,259,258
564,565,63,63,79,79,259,258
565,566,63,63,79,79,259,258
566,567,63,63,79,79,259,258
567,568,62,62,78,78,259,258
568,569,62,62,78,78,259,258
569,570,61,61,77,77,259,258
570,571,61,61,77,77,259,258
571,572,61,61,77,77,259,258
572,573,60,60,76,76,259,258
573,574,60,60,76,76,259,258
574,575,59,59,75,75,259,258
575,576,59,59,75,75,259,258
576,577,59,59,75,75,259,258
577,578,58,58,74,74,259,258
578,579,58,58,74,74,259,258
579,580,57,57,73,73,259,258
580,581,57,57,73,73,259,258
581,582,57,57,73,73,259,258
582,583,56,56,72,72,259,258
583,584,56,56,72,72,259,258
584,585,55,55,71,71,259,258
585,586,55,55,71,71,259,258
586,587,55,55,71,71,259,258
587,588,54,54,70,70,259,258
588,589,54,54,70,70,259,258
589,590,53,53,69,69,259,258
590,591,53,53,69,69,259,258
591,592,53,53,69,69,259,258
592,593,52,52,68,68,259,258
593,594,52,52,68,68,259,258
594,595,51,51,67,67,259,258
595,596,51,51,67,67,259,258
596,597,51,51,67,67,259,258
597,598,50,50,66,66,259,258
598,599,50,50,66,66,259,258
599,600,49,49,65,65,259,258
600,601,49,49,65,65,259,258
601,602,49,49,65,65,259,258
602,603,48,48,64,64,259,258
603,604,48,48,64,64,259,258
604,605,47,47,63,63,259,258
605,606,47,47,63,63,259,258
606,607,47,47,63,63,259,258
607,608,46,46,62,62,259,258
608,609,46,46,62,62,259,258
609,610,45,45,61,61,259,258
610,611,45,45,61,61,259,258
611,612,45,45,61,61,259,258
612,613,44,44,60,60,259,258
613,614,44,44,60,60,259,258
614,615,43,43,59,59,259,258
615,616,43,43,59,59,259,258
616,617,43,43,59,59,259,258
617,618,42,42,58,58,259,258
618,619,42,42,58,58,259,258
619,620,41,41,57,57,259,258
620,621,41,41,57,57,259,258
621,622,41,41,57,57,259,258
622,623,40,40,56,56,259,258
623,624,40,40,56,56,259,258
624,625,39,39,55,55,259,258
625,626,39,39,55,55,259,258
626,627,39,39,55,55,259,258
627,628,38,38,54,54,259,258
628,629,38,38,54,54,259,258
629,630,37,37,53,53,259,258
630,631,37,37,53,53,259,258
631,632,37,37,53,53,259,258
632,633,36,36,52,52,259,258
633,634,36,36,52,52,259,258
634,635,35,35,51,51,259,258
635,636,35,35,51,51,259,258
636,637,35,35,51,51,259,258
637,638,34,34,50,50,259,258
638,639,34,34,50,50,259,258
639,640,33,33,49,49,259,258
640,641,33,33,49,49,259,258
641,642,33,33,49,49,259,258
642,643,32,32,48,48,259,258
643,644,32,32,48,48,259,258
644,645,31,31,47,47,259,258
645,646,31,31,47,47,259,258
646,647,31,31,47,47,259,258
647,648,30,30,46,46,259,258
648,649,30,30,46,46,259,258
649,650,29,29,45,45,259,258
650,651,29,29,45,45,259,258
651,652,29,29,45,45,259,258
652,653,28,28,44,44,259,258
653,654,28,28,44,44,259,258
654,655,27,27,43,43,259,258
655,656,27,27,43,43,259,258
656,657,27,27,43,43,259,258
657,658,26,26,42,42,259,258
658,659,26,26,42,42,259,258
659,660,25,25,41,41,259,258
660,661,25,25,41,41,259,258
661,662,25,25,41,41,259,258
662,663,24,24,40,40,259,258
663,664,24,24,40,40,259,258
664,665,23,23,39,39,259,258
665,666,23,23,39,39,259,258
666,667,23,23,39,39,259,258
667,668,22,22,38,38,259,258
668,669,22,22,38,38,259,258
669,670,21,21,37,37,259,258
670,671,21,21,37,37,259,258
671,672,21,21,37,37,259,258
672,673,20,20,36,36,259,258
673,674,20,20,36,36,259,258
674,675,19,19,35,35,259,258
675,676,19,19,35,35,259,258
676,677,19,19,35,35,259,258
677,678,18,18,34,34,259,258
678,679,18,18,34,34,259,258
679,680,17,17,33,33,259,258
680,681,17,17,33,33,259,258
681,682,17,17,33,33,259,258
682,683,16,16,32,32,259,258
683,684,16,16,32,32,259,258
684,685,15,15,31,31,259,258
685,686,15,15,31,31,259,258
686,687,15,15,31,31,259,258
687,688,14,14,30,30,259,258
688,689,14,14,30,30,259,258
689,690,13,13,29,29,259,258
690,691,13,13,29,29,259,258
691,692,13,13,29,29,259,258
692,693,12,12,28,28,259,258
693,694,12,12,28,28,259,258
694,695,11,11,27,27,259,258
695,696,11,11,27,27,259,258
696,697,11,11,27,27,259,258
697,698,10,10,26,26,259,258
698,699,10,10,26,26,259,258
699,700,9,9,25,25,259,258
700,701,9,9,25,25,259,258
701,702,9,9,25,25,259,258
702,703,8,8,24,24,259,258
703,704,8,8,24,24,259,258
704,705,,8,23,23,259,258
705,706,,8,23,23,259,258
706,707,,8,23,23,259,258
707,708,,8,22,22,259,258
708,709,,8,22,22,259,258
709,710,,8,21,21,259,258
710,711,,8,21,21,259,258
711,712,,8,21,21,259,258
712,713,,8,20,20,259,258
713,714,,8,20,20,259,258
714,715,,8,19,19,259,258
715,716,,8,19,19,259,258
716,717,,8,19,19,259,258
717,718,,8,18,18,259,258
718,719,,8,18,18,259,258
719,720,,8,17,17,259,258
720,721,,8,17,17,259,258
721,722,,8,17,17,259,258
722,723,,8,16,16,259,258
723,724,,8,16,16,259,258
724,725,,8,15,15,259,258
725,726,,8,15,15,259,258
726,727,,8,15,15,259,258
727,728,,8,14,14,259,258
728,729,,8,14,14,259,258
729,730,,8,13,13,259,258
730,731,,8,13,13,259,258
731,732,,8,13,13,259,258
732,733,,8,12,12,259,258
733,734,,8,12,12,259,258
734,735,,8,11,11,259,258
735,736,,8,11,11,259,258
736,737,,,,11,259,258
737,738,,,,10,259,258
738,739,,,,10,259,258
739,740,,,,9,259,258
740,741,,,,9,259,258
741,742,,,,9,259,258
742,743,,,,8,259,258
743,744,,,,8,259,258
744,745,,,,8,259,258
745,746,,,,8,259,258
746,747,,,,8,259,258
747,748,,,,8,259,258
748,749,,,,8,259,258
749,750,,,,8,259,258
750,751,,,,8,259,258
751,752,,,,8,259,258
752,753,,,,8,259,258
753,754,,,,8,259,258
754,755,,,,8,259,258
755,756,,,,8,259,258
756,757,,,,8,259,258
757,758,,,,8,259,258
758,759,,,,8,259,258
759,760,,,,8,259,258
760,761,,,,8,259,258
761,762,,,,8,259,258
762,763,,,,8,259,258
763,764,,,,8,259,258
764,765,,,,8,259,258
765,766,,,,8,259,258
766,767,,,,8,259,258
767,768,,,,8,259,258
