label	rx	ry	ax	ay	ex	ey	address
d1-y1-0	0x79be667ef9dcbbac55a06295ce870b07029bfcdb2dce28d959f2815b16f81799	0x1be4f039b74aa3052fc6f3eb6c381b267a1eecf4f9248fc6e45959bea63062ed	0x79be667ef9dcbbac55a06295ce870b07029bfcdb2dce28d959f2815b16f81798	0x483ada7726a3c4655da4fbfc0e1108a8fd17b448a68554199c47d08ffb10d4b8	0x5c901a5ef2d0b62c7f5cd68734044e7e559199c9eb26391649aa8eea2c7f9f29	0x1ade404e41c57e948b060bd7f3cdc91dc8a406e931b0b796f74920c82f055751	1
d1-y1-1	0x79be667ef9dcbbac55a06295ce870b07029bfcdb2dce28d959f2815b16f81799	0x1be4f039b74aa3052fc6f3eb6c381b267a1eecf4f9248fc6e45959bea63062ed	0x79be667ef9dcbbac55a06295ce870b07029bfcdb2dce28d959f2815b16f81798	0x483ada7726a3c4655da4fbfc0e1108a8fd17b448a68554199c47d08ffb10d4b8	0x5c901a5ef2d0b62c7f5cd68734044e7e559199c9eb26391649aa8eea2c7f9f29	0x1ade404e41c57e948b060bd7f3cdc91dc8a406e931b0b796f74920c82f055751	1
d1-y1-2	0x79be667ef9dcbbac55a06295ce870b07029bfcdb2dce28d959f2815b16f81799	0x1be4f039b74aa3052fc6f3eb6c381b267a1eecf4f9248fc6e45959bea63062ed	0x79be667ef9dcbbac55a06295ce870b07029bfcdb2dce28d959f2815b16f81798	0x483ada7726a3c4655da4fbfc0e1108a8fd17b448a68554199c47d08ffb10d4b8	0x5c901a5ef2d0b62c7f5cd68734044e7e559199c9eb26391649aa8eea2c7f9f29	0x1ade404e41c57e948b060bd7f3cdc91dc8a406e931b0b796f74920c82f055751	1
d1-y1-3	0x79be667ef9dcbbac55a06295ce870b07029bfcdb2dce28d959f2815b16f81799	0x1be4f039b74aa3052fc6f3eb6c381b267a1eecf4f9248fc6e45959bea63062ed	0x79be667ef9dcbbac55a06295ce870b07029bfcdb2dce28d959f2815b16f81798	0x483ada7726a3c4655da4fbfc0e1108a8fd17b448a68554199c47d08ffb10d4b8	0x5c901a5ef2d0b62c7f5cd68734044e7e559199c9eb26391649aa8eea2c7f9f29	0x1ade404e41c57e948b060bd7f3cdc91dc8a406e931b0b796f74920c82f055751	1
d1-y1-4	0x79be667ef9dcbbac55a06295ce870b07029bfcdb2dce28d959f2815b16f81799	0x1be4f039b74aa3052fc6f3eb6c381b267a1eecf4f9248fc6e45959bea63062ed	0x79be667ef9dcbbac55a06295ce870b07029bfcdb2dce28d959f2815b16f81798	0x483ada7726a3c4655da4fbfc0e1108a8fd17b448a68554199c47d08ffb10d4b8	0x5c901a5ef2d0b62c7f5cd68734044e7e559199c9eb26391649aa8eea2c7f9f29	0x1ade404e41c57e948b060bd7f3cdc91dc8a406e931b0b796f74920c82f055751	1
d1-y1-5	0x79be667ef9dcbbac55a06295ce870b07029bfcdb2dce28d959f2815b16f81799	0x1be4f039b74aa3052fc6f3eb6c381b267a1eecf4f9248fc6e45959bea63062ed	0x79be667ef9dcbbac55a06295ce870b07029bfcdb2dce28d959f2815b16f81798	0x483ada7726a3c4655da4fbfc0e1108a8fd17b448a68554199c47d08ffb10d4b8	0x5c901a5ef2d0b62c7f5cd68734044e7e559199c9eb26391649aa8eea2c7f9f29	0x1ade404e41c57e948b060bd7f3cdc91dc8a406e931b0b796f74920c82f055751	1
d1-y1-6	0x79be667ef9dcbbac55a06295ce870b07029bfcdb2dce28d959f2815b16f81799	0x1be4f039b74aa3052fc6f3eb6c381b267a1eecf4f9248fc6e45959bea63062ed	0x79be667ef9dcbbac55a06295ce870b07029bfcdb2dce28d959f2815b16f81798	0x483ada7726a3c4655da4fbfc0e1108a8fd17b448a68554199c47d08ffb10d4b8	0x5c901a5ef2d0b62c7f5cd68734044e7e559199c9eb26391649aa8eea2c7f9f29	0x1ade404e41c57e948b060bd7f3cdc91dc8a406e931b0b796f74920c82f055751	1
d1-y1-7	0x79be667ef9dcbbac55a06295ce870b07029bfcdb2dce28d959f2815b16f81799	0x1be4f039b74aa3052fc6f3eb6c381b267a1eecf4f9248fc6e45959bea63062ed	0x79be667ef9dcbbac55a06295ce870b07029bfcdb2dce28d959f2815b16f81798	0x483ada7726a3c4655da4fbfc0e1108a8fd17b448a68554199c47d08ffb10d4b8	0x5c901a5ef2d0b62c7f5cd68734044e7e559199c9eb26391649aa8eea2c7f9f29	0x1ade404e41c57e948b060bd7f3cdc91dc8a406e931b0b796f74920c82f055751	1
d1-y0-0	0x79be667ef9dcbbac55a06295ce870b07029bfcdb2dce28d959f2815b16f81799	0xe41b0fc648b55cfad0390c1493c7e4d985e1130b06db70391ba6a64059cf9942	0x79be667ef9dcbbac55a06295ce870b07029bfcdb2dce28d959f2815b16f81798	0x483ada7726a3c4655da4fbfc0e1108a8fd17b448a68554199c47d08ffb10d4b8	0xd86d7c2303dd2010610f60b215163ddac9c32bfe7699e328d2cc27aa999f24c9	0x14796cf87d689aa02807cba8960f4f7b10f3570baadd769a5024cabf8c91891b	1
d1-y0-1	0x79be667ef9dcbbac55a06295ce870b07029bfcdb2dce28d959f2815b16f81799	0xe41b0fc648b55cfad0390c1493c7e4d985e1130b06db70391ba6a64059cf9942	0x79be667ef9dcbbac55a06295ce870b07029bfcdb2dce28d959f2815b16f81798	0x483ada7726a3c4655da4fbfc0e1108a8fd17b448a68554199c47d08ffb10d4b8	0xd86d7c2303dd2010610f60b215163ddac9c32bfe7699e328d2cc27aa999f24c9	0x14796cf87d689aa02807cba8960f4f7b10f3570baadd769a5024cabf8c91891b	1
d1-y0-2	0x79be667ef9dcbbac55a06295ce870b07029bfcdb2dce28d959f2815b16f81799	0xe41b0fc648b55cfad0390c1493c7e4d985e1130b06db70391ba6a64059cf9942	0x79be667ef9dcbbac55a06295ce870b07029bfcdb2dce28d959f2815b16f81798	0x483ada7726a3c4655da4fbfc0e1108a8fd17b448a68554199c47d08ffb10d4b8	0xd86d7c2303dd2010610f60b215163ddac9c32bfe7699e328d2cc27aa999f24c9	0x14796cf87d689aa02807cba8960f4f7b10f3570baadd769a5024cabf8c91891b	1
d1-y0-3	0x79be667ef9dcbbac55a06295ce870b07029bfcdb2dce28d959f2815b16f81799	0xe41b0fc648b55cfad0390c1493c7e4d985e1130b06db70391ba6a64059cf9942	0x79be667ef9dcbbac55a06295ce870b07029bfcdb2dce28d959f2815b16f81798	0x483ada7726a3c4655da4fbfc0e1108a8fd17b448a68554199c47d08ffb10d4b8	0xd86d7c2303dd2010610f60b215163ddac9c32bfe7699e328d2cc27aa999f24c9	0x14796cf87d689aa02807cba8960f4f7b10f3570baadd769a5024cabf8c91891b	1
d1-y0-4	0x79be667ef9dcbbac55a06295ce870b07029bfcdb2dce28d959f2815b16f81799	0xe41b0fc648b55cfad0390c1493c7e4d985e1130b06db70391ba6a64059cf9942	0x79be667ef9dcbbac55a06295ce870b07029bfcdb2dce28d959f2815b16f81798	0x483ada7726a3c4655da4fbfc0e1108a8fd17b448a68554199c47d08ffb10d4b8	0xd86d7c2303dd2010610f60b215163ddac9c32bfe7699e328d2cc27aa999f24c9	0x14796cf87d689aa02807cba8960f4f7b10f3570baadd769a5024cabf8c91891b	1
d1-y0-5	0x79be667ef9dcbbac55a06295ce870b07029bfcdb2dce28d959f2815b16f81799	0xe41b0fc648b55cfad0390c1493c7e4d985e1130b06db70391ba6a64059cf9942	0x79be667ef9dcbbac55a06295ce870b07029bfcdb2dce28d959f2815b16f81798	0x483ada7726a3c4655da4fbfc0e1108a8fd17b448a68554199c47d08ffb10d4b8	0xd86d7c2303dd2010610f60b215163ddac9c32bfe7699e328d2cc27aa999f24c9	0x14796cf87d689aa02807cba8960f4f7b10f3570baadd769a5024cabf8c91891b	1
d1-y0-6	0x79be667ef9dcbbac55a06295ce870b07029bfcdb2dce28d959f2815b16f81799	0xe41b0fc648b55cfad0390c1493c7e4d985e1130b06db70391ba6a64059cf9942	0x79be667ef9dcbbac55a06295ce870b07029bfcdb2dce28d959f2815b16f81798	0x483ada7726a3c4655da4fbfc0e1108a8fd17b448a68554199c47d08ffb10d4b8	0xd86d7c2303dd2010610f60b215163ddac9c32bfe7699e328d2cc27aa999f24c9	0x14796cf87d689aa02807cba8960f4f7b10f3570baadd769a5024cabf8c91891b	1
d1-y0-7	0x79be667ef9dcbbac55a06295ce870b07029bfcdb2dce28d959f2815b16f81799	0xe41b0fc648b55cfad0390c1493c7e4d985e1130b06db70391ba6a64059cf9942	0x79be667ef9dcbbac55a06295ce870b07029bfcdb2dce28d959f2815b16f81798	0x483ada7726a3c4655da4fbfc0e1108a8fd17b448a68554199c47d08ffb10d4b8	0xd86d7c2303dd2010610f60b215163ddac9c32bfe7699e328d2cc27aa999f24c9	0x14796cf87d689aa02807cba8960f4f7b10f3570baadd769a5024cabf8c91891b	1
d3-y1-0	0x79be667ef9dcbbac55a06295ce870b07029bfcdb2dce28d959f2815b16f8179b	0xf927fe1f23517ca16593b715b81ce28a22e027a3e773f4a4c94297a62fa5eb9f	0x79be667ef9dcbbac55a06295ce870b07029bfcdb2dce28d959f2815b16f81798	0x483ada7726a3c4655da4fbfc0e1108a8fd17b448a68554199c47d08ffb10d4b8	0x85624b426060599618c73555c2fc3ad5e70e1056998bec3e871a541880185cbd	0x50c555937d9d37384dd22980a71efd95ddc09544fdaea005859ea690e78782b	1
d3-y1-1	0x79be667ef9dcbbac55a06295ce870b07029bfcdb2dce28d959f2815b16f8179b	0xf927fe1f23517ca16593b715b81ce28a22e027a3e773f4a4c94297a62fa5eb9f	0x79be667ef9dcbbac55a06295ce870b07029bfcdb2dce28d959f2815b16f81798	0x483ada7726a3c4655da4fbfc0e1108a8fd17b448a68554199c47d08ffb10d4b8	0x85624b426060599618c73555c2fc3ad5e70e1056998bec3e871a541880185cbd	0x50c555937d9d37384dd22980a71efd95ddc09544fdaea005859ea690e78782b	1
d3-y1-2	0x79be667ef9dcbbac55a06295ce870b07029bfcdb2dce28d959f2815b16f8179b	0xf927fe1f23517ca16593b715b81ce28a22e027a3e773f4a4c94297a62fa5eb9f	0x79be667ef9dcbbac55a06295ce870b07029bfcdb2dce28d959f2815b16f81798	0x483ada7726a3c4655da4fbfc0e1108a8fd17b448a68554199c47d08ffb10d4b8	0x85624b426060599618c73555c2fc3ad5e70e1056998bec3e871a541880185cbd	0x50c555937d9d37384dd22980a71efd95ddc09544fdaea005859ea690e78782b	1
d3-y1-3	0x79be667ef9dcbbac55a06295ce870b07029bfcdb2dce28d959f2815b16f8179b	0xf927fe1f23517ca16593b715b81ce28a22e027a3e773f4a4c94297a62fa5eb9f	0x79be667ef9dcbbac55a06295ce870b07029bfcdb2dce28d959f2815b16f81798	0x483ada7726a3c4655da4fbfc0e1108a8fd17b448a68554199c47d08ffb10d4b8	0x85624b426060599618c73555c2fc3ad5e70e1056998bec3e871a541880185cbd	0x50c555937d9d37384dd22980a71efd95ddc09544fdaea005859ea690e78782b	1
d3-y1-4	0x79be667ef9dcbbac55a06295ce870b07029bfcdb2dce28d959f2815b16f8179b	0xf927fe1f23517ca16593b715b81ce28a22e027a3e773f4a4c94297a62fa5eb9f	0x79be667ef9dcbbac55a06295ce870b07029bfcdb2dce28d959f2815b16f81798	0x483ada7726a3c4655da4fbfc0e1108a8fd17b448a68554199c47d08ffb10d4b8	0x85624b426060599618c73555c2fc3ad5e70e1056998bec3e871a541880185cbd	0x50c555937d9d37384dd22980a71efd95ddc09544fdaea005859ea690e78782b	1
d3-y1-5	0x79be667ef9dcbbac55a06295ce870b07029bfcdb2dce28d959f2815b16f8179b	0xf927fe1f23517ca16593b715b81ce28a22e027a3e773f4a4c94297a62fa5eb9f	0x79be667ef9dcbbac55a06295ce870b07029bfcdb2dce28d959f2815b16f81798	0x483ada7726a3c4655da4fbfc0e1108a8fd17b448a68554199c47d08ffb10d4b8	0x85624b426060599618c73555c2fc3ad5e70e1056998bec3e871a541880185cbd	0x50c555937d9d37384dd22980a71efd95ddc09544fdaea005859ea690e78782b	1
d3-y1-6	0x79be667ef9dcbbac55a06295ce870b07029bfcdb2dce28d959f2815b16f8179b	0xf927fe1f23517ca16593b715b81ce28a22e027a3e773f4a4c94297a62fa5eb9f	0x79be667ef9dcbbac55a06295ce870b07029bfcdb2dce28d959f2815b16f81798	0x483ada7726a3c4655da4fbfc0e1108a8fd17b448a68554199c47d08ffb10d4b8	0x85624b426060599618c73555c2fc3ad5e70e1056998bec3e871a541880185cbd	0x50c555937d9d37384dd22980a71efd95ddc09544fdaea005859ea690e78782b	1
d3-y1-7	0x79be667ef9dcbbac55a06295ce870b07029bfcdb2dce28d959f2815b16f8179b	0xf927fe1f23517ca16593b715b81ce28a22e027a3e773f4a4c94297a62fa5eb9f	0x79be667ef9dcbbac55a06295ce870b07029bfcdb2dce28d959f2815b16f81798	0x483ada7726a3c4655da4fbfc0e1108a8fd17b448a68554199c47d08ffb10d4b8	0x85624b426060599618c73555c2fc3ad5e70e1056998bec3e871a541880185cbd	0x50c555937d9d37384dd22980a71efd95ddc09544fdaea005859ea690e78782b	1
d3-y0-0	0x79be667ef9dcbbac55a06295ce870b07029bfcdb2dce28d959f2815b16f8179b	0x6d801e0dcae835e9a6c48ea47e31d75dd1fd85c188c0b5b36bd6858d05a1090	0x79be667ef9dcbbac55a06295ce870b07029bfcdb2dce28d959f2815b16f81798	0x483ada7726a3c4655da4fbfc0e1108a8fd17b448a68554199c47d08ffb10d4b8	0xd1cd94545170337560d267cf02213da133d065b666de3560f5f6e1ee5f31df4c	0xb2b5ffbc406907c87f1ecf73efc1a57c54cb392d370afe2ff53d01da5a18c653	1
d3-y0-1	0x79be667ef9dcbbac55a06295ce870b07029bfcdb2dce28d959f2815b16f8179b	0x6d801e0dcae835e9a6c48ea47e31d75dd1fd85c188c0b5b36bd6858d05a1090	0x79be667ef9dcbbac55a06295ce870b07029bfcdb2dce28d959f2815b16f81798	0x483ada7726a3c4655da4fbfc0e1108a8fd17b448a68554199c47d08ffb10d4b8	0xd1cd94545170337560d267cf02213da133d065b666de3560f5f6e1ee5f31df4c	0xb2b5ffbc406907c87f1ecf73efc1a57c54cb392d370afe2ff53d01da5a18c653	1
d3-y0-2	0x79be667ef9dcbbac55a06295ce870b07029bfcdb2dce28d959f2815b16f8179b	0x6d801e0dcae835e9a6c48ea47e31d75dd1fd85c188c0b5b36bd6858d05a1090	0x79be667ef9dcbbac55a06295ce870b07029bfcdb2dce28d959f2815b16f81798	0x483ada7726a3c4655da4fbfc0e1108a8fd17b448a68554199c47d08ffb10d4b8	0xd1cd94545170337560d267cf02213da133d065b666de3560f5f6e1ee5f31df4c	0xb2b5ffbc406907c87f1ecf73efc1a57c54cb392d370afe2ff53d01da5a18c653	1
d3-y0-3	0x79be667ef9dcbbac55a06295ce870b07029bfcdb2dce28d959f2815b16f8179b	0x6d801e0dcae835e9a6c48ea47e31d75dd1fd85c188c0b5b36bd6858d05a1090	0x79be667ef9dcbbac55a06295ce870b07029bfcdb2dce28d959f2815b16f81798	0x483ada7726a3c4655da4fbfc0e1108a8fd17b448a68554199c47d08ffb10d4b8	0xd1cd94545170337560d267cf02213da133d065b666de3560f5f6e1ee5f31df4c	0xb2b5ffbc406907c87f1ecf73efc1a57c54cb392d370afe2ff53d01da5a18c653	1
d3-y0-4	0x79be667ef9dcbbac55a06295ce870b07029bfcdb2dce28d959f2815b16f8179b	0x6d801e0dcae835e9a6c48ea47e31d75dd1fd85c188c0b5b36bd6858d05a1090	0x79be667ef9dcbbac55a06295ce870b07029bfcdb2dce28d959f2815b16f81798	0x483ada7726a3c4655da4fbfc0e1108a8fd17b448a68554199c47d08ffb10d4b8	0xd1cd94545170337560d267cf02213da133d065b666de3560f5f6e1ee5f31df4c	0xb2b5ffbc406907c87f1ecf73efc1a57c54cb392d370afe2ff53d01da5a18c653	1
d3-y0-5	0x79be667ef9dcbbac55a06295ce870b07029bfcdb2dce28d959f2815b16f8179b	0x6d801e0dcae835e9a6c48ea47e31d75dd1fd85c188c0b5b36bd6858d05a1090	0x79be667ef9dcbbac55a06295ce870b07029bfcdb2dce28d959f2815b16f81798	0x483ada7726a3c4655da4fbfc0e1108a8fd17b448a68554199c47d08ffb10d4b8	0xd1cd94545170337560d267cf02213da133d065b666de3560f5f6e1ee5f31df4c	0xb2b5ffbc406907c87f1ecf73efc1a57c54cb392d370afe2ff53d01da5a18c653	1
d3-y0-6	0x79be667ef9dcbbac55a06295ce870b07029bfcdb2dce28d959f2815b16f8179b	0x6d801e0dcae835e9a6c48ea47e31d75dd1fd85c188c0b5b36bd6858d05a1090	0x79be667ef9dcbbac55a06295ce870b07029bfcdb2dce28d959f2815b16f81798	0x483ada7726a3c4655da4fbfc0e1108a8fd17b448a68554199c47d08ffb10d4b8	0xd1cd94545170337560d267cf02213da133d065b666de3560f5f6e1ee5f31df4c	0xb2b5ffbc406907c87f1ecf73efc1a57c54cb392d370afe2ff53d01da5a18c653	1
d3-y0-7	0x79be667ef9dcbbac55a06295ce870b07029bfcdb2dce28d959f2815b16f8179b	0x6d801e0dcae835e9a6c48ea47e31d75dd1fd85c188c0b5b36bd6858d05a1090	0x79be667ef9dcbbac55a06295ce870b07029bfcdb2dce28d959f2815b16f81798	0x483ada7726a3c4655da4fbfc0e1108a8fd17b448a68554199c47d08ffb10d4b8	0xd1cd94545170337560d267cf02213da133d065b666de3560f5f6e1ee5f31df4c	0xb2b5ffbc406907c87f1ecf73efc1a57c54cb392d370afe2ff53d01da5a18c653	1
d57896044618658097711785492504343953926634992332820282019728792003956564819968-y1-0	0x79308a019258c31049344f85f89d5229b531c845836f99b08601f114bce03aca	0xa0a1aedf77ceb1eeacdfde0ed77ec8d167f014e4e5ac9f74ea7aa9e803115c3d	0xf9308a019258c31049344f85f89d5229b531c845836f99b08601f113bce036f9	0x388f7b0f632de8140fe337e62a37f3566500a99934c2231b6cb9fd7584b8e672	0x76c08f1f02833c12fcae47b829f6f7287fc308221c31ce29d612c8c8486c8c4b	0x6fda13707f045d2f5496d0ce337932cc001ce445eb45e01a14963ac2bbf8ce9e	3
d57896044618658097711785492504343953926634992332820282019728792003956564819968-y1-1	0x79308a019258c31049344f85f89d5229b531c845836f99b08601f114bce03aca	0xa0a1aedf77ceb1eeacdfde0ed77ec8d167f014e4e5ac9f74ea7aa9e803115c3d	0xf9308a019258c31049344f85f89d5229b531c845836f99b08601f113bce036f9	0x388f7b0f632de8140fe337e62a37f3566500a99934c2231b6cb9fd7584b8e672	0x76c08f1f02833c12fcae47b829f6f7287fc308221c31ce29d612c8c8486c8c4b	0x6fda13707f045d2f5496d0ce337932cc001ce445eb45e01a14963ac2bbf8ce9e	3
d57896044618658097711785492504343953926634992332820282019728792003956564819968-y1-2	0x79308a019258c31049344f85f89d5229b531c845836f99b08601f114bce03aca	0xa0a1aedf77ceb1eeacdfde0ed77ec8d167f014e4e5ac9f74ea7aa9e803115c3d	0xf9308a019258c31049344f85f89d5229b531c845836f99b08601f113bce036f9	0x388f7b0f632de8140fe337e62a37f3566500a99934c2231b6cb9fd7584b8e672	0x76c08f1f02833c12fcae47b829f6f7287fc308221c31ce29d612c8c8486c8c4b	0x6fda13707f045d2f5496d0ce337932cc001ce445eb45e01a14963ac2bbf8ce9e	3
d57896044618658097711785492504343953926634992332820282019728792003956564819968-y1-3	0x79308a019258c31049344f85f89d5229b531c845836f99b08601f114bce03aca	0xa0a1aedf77ceb1eeacdfde0ed77ec8d167f014e4e5ac9f74ea7aa9e803115c3d	0xf9308a019258c31049344f85f89d5229b531c845836f99b08601f113bce036f9	0x388f7b0f632de8140fe337e62a37f3566500a99934c2231b6cb9fd7584b8e672	0x76c08f1f02833c12fcae47b829f6f7287fc308221c31ce29d612c8c8486c8c4b	0x6fda13707f045d2f5496d0ce337932cc001ce445eb45e01a14963ac2bbf8ce9e	3
d57896044618658097711785492504343953926634992332820282019728792003956564819968-y1-4	0x79308a019258c31049344f85f89d5229b531c845836f99b08601f114bce03aca	0xa0a1aedf77ceb1eeacdfde0ed77ec8d167f014e4e5ac9f74ea7aa9e803115c3d	0xf9308a019258c31049344f85f89d5229b531c845836f99b08601f113bce036f9	0x388f7b0f632de8140fe337e62a37f3566500a99934c2231b6cb9fd7584b8e672	0x76c08f1f02833c12fcae47b829f6f7287fc308221c31ce29d612c8c8486c8c4b	0x6fda13707f045d2f5496d0ce337932cc001ce445eb45e01a14963ac2bbf8ce9e	3
d57896044618658097711785492504343953926634992332820282019728792003956564819968-y1-5	0x79308a019258c31049344f85f89d5229b531c845836f99b08601f114bce03aca	0xa0a1aedf77ceb1eeacdfde0ed77ec8d167f014e4e5ac9f74ea7aa9e803115c3d	0xf9308a019258c31049344f85f89d5229b531c845836f99b08601f113bce036f9	0x388f7b0f632de8140fe337e62a37f3566500a99934c2231b6cb9fd7584b8e672	0x76c08f1f02833c12fcae47b829f6f7287fc308221c31ce29d612c8c8486c8c4b	0x6fda13707f045d2f5496d0ce337932cc001ce445eb45e01a14963ac2bbf8ce9e	3
d57896044618658097711785492504343953926634992332820282019728792003956564819968-y1-6	0x79308a019258c31049344f85f89d5229b531c845836f99b08601f114bce03aca	0xa0a1aedf77ceb1eeacdfde0ed77ec8d167f014e4e5ac9f74ea7aa9e803115c3d	0xf9308a019258c31049344f85f89d5229b531c845836f99b08601f113bce036f9	0x388f7b0f632de8140fe337e62a37f3566500a99934c2231b6cb9fd7584b8e672	0x76c08f1f02833c12fcae47b829f6f7287fc308221c31ce29d612c8c8486c8c4b	0x6fda13707f045d2f5496d0ce337932cc001ce445eb45e01a14963ac2bbf8ce9e	3
d57896044618658097711785492504343953926634992332820282019728792003956564819968-y1-7	0x79308a019258c31049344f85f89d5229b531c845836f99b08601f114bce03aca	0xa0a1aedf77ceb1eeacdfde0ed77ec8d167f014e4e5ac9f74ea7aa9e803115c3d	0xf9308a019258c31049344f85f89d5229b531c845836f99b08601f113bce036f9	0x388f7b0f632de8140fe337e62a37f3566500a99934c2231b6cb9fd7584b8e672	0x76c08f1f02833c12fcae47b829f6f7287fc308221c31ce29d612c8c8486c8c4b	0x6fda13707f045d2f5496d0ce337932cc001ce445eb45e01a14963ac2bbf8ce9e	3
d57896044618658097711785492504343953926634992332820282019728792003956564819968-y0-0	0x79308a019258c31049344f85f89d5229b531c845836f99b08601f114bce03aca	0x5f5e512088314e11532021f12881372e980feb1b1a53608b15855616fcee9ff2	0xf9308a019258c31049344f85f89d5229b531c845836f99b08601f113bce036f9	0x388f7b0f632de8140fe337e62a37f3566500a99934c2231b6cb9fd7584b8e672	0x4039f89d490645e372011e986b99dec932b029a6e414d464736b3b4e7f02faf8	0xd7a662221cafa949784f1c235314b57190de42d0a604588b0c0597bfdfe30ed	3
d57896044618658097711785492504343953926634992332820282019728792003956564819968-y0-1	0x79308a019258c31049344f85f89d5229b531c845836f99b08601f114bce03aca	0x5f5e512088314e11532021f12881372e980feb1b1a53608b15855616fcee9ff2	0xf9308a019258c31049344f85f89d5229b531c845836f99b08601f113bce036f9	0x388f7b0f632de8140fe337e62a37f3566500a99934c2231b6cb9fd7584b8e672	0x4039f89d490645e372011e986b99dec932b029a6e414d464736b3b4e7f02faf8	0xd7a662221cafa949784f1c235314b57190de42d0a604588b0c0597bfdfe30ed	3
d57896044618658097711785492504343953926634992332820282019728792003956564819968-y0-2	0x79308a019258c31049344f85f89d5229b531c845836f99b08601f114bce03aca	0x5f5e512088314e11532021f12881372e980feb1b1a53608b15855616fcee9ff2	0xf9308a019258c31049344f85f89d5229b531c845836f99b08601f113bce036f9	0x388f7b0f632de8140fe337e62a37f3566500a99934c2231b6cb9fd7584b8e672	0x4039f89d490645e372011e986b99dec932b029a6e414d464736b3b4e7f02faf8	0xd7a662221cafa949784f1c235314b57190de42d0a604588b0c0597bfdfe30ed	3
d57896044618658097711785492504343953926634992332820282019728792003956564819968-y0-3	0x79308a019258c31049344f85f89d5229b531c845836f99b08601f114bce03aca	0x5f5e512088314e11532021f12881372e980feb1b1a53608b15855616fcee9ff2	0xf9308a019258c31049344f85f89d5229b531c845836f99b08601f113bce036f9	0x388f7b0f632de8140fe337e62a37f3566500a99934c2231b6cb9fd7584b8e672	0x4039f89d490645e372011e986b99dec932b029a6e414d464736b3b4e7f02faf8	0xd7a662221cafa949784f1c235314b57190de42d0a604588b0c0597bfdfe30ed	3
d57896044618658097711785492504343953926634992332820282019728792003956564819968-y0-4	0x79308a019258c31049344f85f89d5229b531c845836f99b08601f114bce03aca	0x5f5e512088314e11532021f12881372e980feb1b1a53608b15855616fcee9ff2	0xf9308a019258c31049344f85f89d5229b531c845836f99b08601f113bce036f9	0x388f7b0f632de8140fe337e62a37f3566500a99934c2231b6cb9fd7584b8e672	0x4039f89d490645e372011e986b99dec932b029a6e414d464736b3b4e7f02faf8	0xd7a662221cafa949784f1c235314b57190de42d0a604588b0c0597bfdfe30ed	3
d57896044618658097711785492504343953926634992332820282019728792003956564819968-y0-5	0x79308a019258c31049344f85f89d5229b531c845836f99b08601f114bce03aca	0x5f5e512088314e11532021f12881372e980feb1b1a53608b15855616fcee9ff2	0xf9308a019258c31049344f85f89d5229b531c845836f99b08601f113bce036f9	0x388f7b0f632de8140fe337e62a37f3566500a99934c2231b6cb9fd7584b8e672	0x4039f89d490645e372011e986b99dec932b029a6e414d464736b3b4e7f02faf8	0xd7a662221cafa949784f1c235314b57190de42d0a604588b0c0597bfdfe30ed	3
d57896044618658097711785492504343953926634992332820282019728792003956564819968-y0-6	0x79308a019258c31049344f85f89d5229b531c845836f99b08601f114bce03aca	0x5f5e512088314e11532021f12881372e980feb1b1a53608b15855616fcee9ff2	0xf9308a019258c31049344f85f89d5229b531c845836f99b08601f113bce036f9	0x388f7b0f632de8140fe337e62a37f3566500a99934c2231b6cb9fd7584b8e672	0x4039f89d490645e372011e986b99dec932b029a6e414d464736b3b4e7f02faf8	0xd7a662221cafa949784f1c235314b57190de42d0a604588b0c0597bfdfe30ed	3
d57896044618658097711785492504343953926634992332820282019728792003956564819968-y0-7	0x79308a019258c31049344f85f89d5229b531c845836f99b08601f114bce03aca	0x5f5e512088314e11532021f12881372e980feb1b1a53608b15855616fcee9ff2	0xf9308a019258c31049344f85f89d5229b531c845836f99b08601f113bce036f9	0x388f7b0f632de8140fe337e62a37f3566500a99934c2231b6cb9fd7584b8e672	0x4039f89d490645e372011e986b99dec932b029a6e414d464736b3b4e7f02faf8	0xd7a662221cafa949784f1c235314b57190de42d0a604588b0c0597bfdfe30ed	3
