candidate,stratum,index,classical,phase,ancilla
jump2,G-s0,597,1,0,0
jump2,G-s0,707,1,1,0
jump2,G-s0,1161,1,0,0
jump2,G-s0,1245,1,1,0
jump2,G-s0,1514,1,0,0
jump2,G-s0,1560,1,0,0
jump2,G-s0,1919,1,0,0
jump2,G-s0,3187,1,0,0
jump2,G-s0,3983,1,1,0
jump2,G-s0,4933,1,1,0
jump2,G-s0,5832,1,1,0
jump2,G-s0,5917,1,0,0
jump2,G-s0,6272,1,0,0
jump2,G-s0,6774,1,0,0
jump2,G-s0,7265,1,1,0
jump2,G-s0,7278,0,1,0
jump2,G-s0,8594,1,0,0
jump2,G-s0,9105,1,0,0
jump2,G-s128,214,1,0,0
jump2,G-s128,386,1,1,0
jump2,G-s128,584,1,1,0
jump2,G-s128,934,1,0,0
jump2,G-s128,2751,1,1,0
jump2,G-s128,3677,1,0,0
jump2,G-s128,4058,1,1,0
jump2,G-s128,4117,1,1,0
jump2,G-s128,4172,1,1,0
jump2,G-s128,4570,1,1,0
jump2,G-s128,4611,1,0,0
jump2,G-s128,4888,0,1,0
jump2,G-s128,5107,1,1,0
jump2,G-s128,5592,0,1,0
jump2,G-s128,6855,0,1,0
jump2,G-s128,7250,1,0,0
jump2,G-s128,7869,1,1,0
jump2,G-s128,8815,0,1,0
jump2,G-s128,9421,0,1,0
jump2,G-s128,10495,1,0,0
jump2,G-s240,82,0,1,0
jump2,G-s240,329,0,1,0
jump2,G-s240,1572,1,1,0
jump2,G-s240,2135,1,0,0
jump2,G-s240,4073,1,1,0
jump2,G-s240,4157,1,1,0
jump2,G-s240,4506,1,1,0
jump2,G-s240,4885,1,0,0
jump2,G-s240,5026,1,0,0
jump2,G-s240,5065,1,0,0
jump2,G-s240,5301,1,0,0
jump2,G-s240,5675,1,1,0
jump2,G-s240,5808,1,1,0
jump2,G-s240,6086,1,0,0
jump2,G-s240,6441,1,1,0
jump2,G-s240,7500,1,0,0
jump2,G-s240,7973,1,0,0
jump2,G-s240,8253,1,0,0
jump2,G-s240,8489,1,0,0
jump2,G-s240,8627,1,1,0
jump2,G-s240,9052,0,1,0
jump2,G-s240,9429,1,0,0
jump2,G-s240,10105,0,1,0
jump2,G-s240,10209,1,0,0
jump2,G-s240,10803,0,1,0
jump2,G-s240,10992,0,1,0
jump2,G-s240,11000,1,0,0
jump2,P1-s0,1820,0,1,0
jump2,P1-s0,2029,1,0,0
jump2,P1-s0,3646,1,1,0
jump2,P1-s0,3863,1,0,0
jump2,P1-s0,3904,0,1,0
jump2,P1-s0,4392,1,0,0
jump2,P1-s0,4497,0,1,0
jump2,P1-s0,4952,0,1,0
jump2,P1-s0,4967,1,0,0
jump2,P1-s0,5124,0,1,0
jump2,P1-s0,6004,0,1,0
jump2,P1-s0,6216,1,1,0
jump2,P1-s0,6363,0,1,0
jump2,P1-s0,6523,1,1,0
jump2,P1-s0,6533,0,1,0
jump2,P1-s0,6776,1,0,0
jump2,P1-s0,7527,0,1,0
jump2,P1-s0,7675,0,1,0
jump2,P1-s0,7901,1,0,0
jump2,P1-s0,7985,0,1,0
jump2,P1-s0,8148,1,0,0
jump2,P1-s0,9476,0,1,0
jump2,P1-s0,9828,1,0,0
jump2,P1-s0,9982,1,0,0
jump2,P1-s0,10202,1,0,0
jump2,P1-s0,10251,1,1,0
jump2,P1-s128,1685,1,0,0
jump2,P1-s128,2723,1,0,0
jump2,P1-s128,2928,0,1,0
jump2,P1-s128,3192,0,1,0
jump2,P1-s128,4678,1,0,0
jump2,P1-s128,4986,1,0,0
jump2,P1-s128,6049,0,1,0
jump2,P1-s128,6102,1,1,0
jump2,P1-s128,6427,1,0,0
jump2,P1-s128,6989,0,1,0
jump2,P1-s128,7557,0,1,0
jump2,P1-s128,9362,1,1,0
jump2,P1-s128,10011,0,1,0
jump2,P1-s128,10040,0,1,0
jump2,P1-s128,10070,1,1,0
jump2,P1-s128,10123,1,0,0
jump2,P1-s128,10646,1,1,0
jump2,P1-s128,10816,1,1,0
jump2,P1-s128,10954,1,0,0
jump2,P1-s240,177,1,1,0
jump2,P1-s240,1080,1,1,0
jump2,P1-s240,1870,1,0,0
jump2,P1-s240,2890,1,0,0
jump2,P1-s240,2916,0,1,0
jump2,P1-s240,4504,0,1,0
jump2,P1-s240,4567,1,0,0
jump2,P1-s240,5574,1,0,0
jump2,P1-s240,5791,1,1,0
jump2,P1-s240,6089,0,1,0
jump2,P1-s240,6103,1,1,0
jump2,P1-s240,6483,0,1,0
jump2,P1-s240,7570,1,0,0
jump2,P1-s240,8819,1,0,0
jump2,P1-s240,9268,0,1,0
jump2,P1-s240,9915,1,1,0
jump2,P1-s240,10299,1,1,0
jump2,P1-s240,10577,0,1,0
jump2,P1-s240,11092,1,1,0
jump2,P2-s0,159,1,1,0
jump2,P2-s0,1233,1,0,0
jump2,P2-s0,1245,1,0,0
jump2,P2-s0,1672,0,1,0
jump2,P2-s0,1826,1,0,0
jump2,P2-s0,2041,1,1,0
jump2,P2-s0,3224,1,0,0
jump2,P2-s0,3890,1,0,0
jump2,P2-s0,3910,1,1,0
jump2,P2-s0,4032,1,1,0
jump2,P2-s0,4152,0,1,0
jump2,P2-s0,4182,1,0,0
jump2,P2-s0,4655,1,0,0
jump2,P2-s0,5167,1,0,0
jump2,P2-s0,6379,1,0,0
jump2,P2-s0,6749,1,1,0
jump2,P2-s0,6814,1,1,0
jump2,P2-s0,7129,1,1,0
jump2,P2-s0,7379,1,1,0
jump2,P2-s0,7907,0,1,0
jump2,P2-s0,8060,0,1,0
jump2,P2-s0,8331,1,0,0
jump2,P2-s0,8956,1,1,0
jump2,P2-s0,9759,0,1,0
jump2,P2-s0,9937,1,0,0
jump2,P2-s0,10019,1,0,0
jump2,P2-s0,10267,1,0,0
jump2,P2-s0,10317,1,1,0
jump2,P2-s0,10630,1,1,0
jump2,P2-s0,11020,1,0,0
jump2,P2-s128,956,1,0,0
jump2,P2-s128,1470,0,1,0
jump2,P2-s128,1546,0,1,0
jump2,P2-s128,2262,1,1,0
jump2,P2-s128,2331,1,1,0
jump2,P2-s128,2347,1,0,0
jump2,P2-s128,2428,1,1,0
jump2,P2-s128,2447,1,1,0
jump2,P2-s128,3194,0,1,0
jump2,P2-s128,3232,0,1,0
jump2,P2-s128,3319,1,1,0
jump2,P2-s128,3720,1,0,0
jump2,P2-s128,4615,0,1,0
jump2,P2-s128,4788,1,1,0
jump2,P2-s128,5186,1,0,0
jump2,P2-s128,5612,1,0,0
jump2,P2-s128,5851,1,0,0
jump2,P2-s128,5864,1,0,0
jump2,P2-s128,6502,1,1,0
jump2,P2-s128,7056,1,1,0
jump2,P2-s128,7399,1,0,0
jump2,P2-s128,7692,1,1,0
jump2,P2-s128,7999,1,1,0
jump2,P2-s128,8082,1,1,0
jump2,P2-s128,8647,1,0,0
jump2,P2-s128,9122,1,0,0
jump2,P2-s128,9328,0,1,0
jump2,P2-s128,9940,0,1,0
jump2,P2-s128,10066,0,1,0
jump2,P2-s128,10212,1,1,0
jump2,P2-s128,11102,1,0,0
jump2,P2-s240,790,1,1,0
jump2,P2-s240,1137,1,1,0
jump2,P2-s240,1515,0,1,0
jump2,P2-s240,1525,1,1,0
jump2,P2-s240,2450,1,1,0
jump2,P2-s240,2696,1,0,0
jump2,P2-s240,2730,0,1,0
jump2,P2-s240,3257,1,0,0
jump2,P2-s240,3311,1,0,0
jump2,P2-s240,3372,1,0,0
jump2,P2-s240,3461,1,1,0
jump2,P2-s240,3928,1,1,0
jump2,P2-s240,4529,1,1,0
jump2,P2-s240,4828,1,0,0
jump2,P2-s240,5054,1,0,0
jump2,P2-s240,5097,1,0,0
jump2,P2-s240,6009,1,0,0
jump2,P2-s240,6017,1,1,0
jump2,P2-s240,6734,1,1,0
jump2,P2-s240,6980,1,0,0
jump2,P2-s240,7761,1,1,0
jump2,P2-s240,8240,1,1,0
jump2,P2-s240,8373,1,1,0
jump2,P2-s240,8555,1,1,0
jump2,P2-s240,8658,1,0,0
original-pingpong,G-s0,206,1,1,0
original-pingpong,G-s0,435,1,1,0
original-pingpong,G-s0,3113,1,1,0
original-pingpong,G-s0,3392,1,0,0
original-pingpong,G-s0,5763,1,0,0
original-pingpong,G-s0,6377,1,1,0
original-pingpong,G-s0,7305,1,1,0
original-pingpong,G-s0,9545,1,0,0
original-pingpong,G-s128,1935,1,0,0
original-pingpong,G-s128,6979,1,0,0
original-pingpong,G-s240,2011,1,0,0
original-pingpong,G-s240,4103,1,1,0
original-pingpong,G-s240,6511,1,1,0
original-pingpong,G-s240,7859,1,0,0
original-pingpong,G-s240,9291,1,1,0
original-pingpong,G-s240,9331,1,0,0
original-pingpong,P1-s0,3490,1,1,0
original-pingpong,P1-s0,6433,1,0,0
original-pingpong,P1-s0,8772,1,0,0
original-pingpong,P1-s0,9261,1,1,0
original-pingpong,P1-s0,9633,1,0,0
original-pingpong,P1-s0,10310,1,1,0
original-pingpong,P1-s128,484,1,0,0
original-pingpong,P1-s128,3704,1,0,0
original-pingpong,P1-s128,3947,1,1,0
original-pingpong,P1-s128,4358,1,0,0
original-pingpong,P1-s128,6056,1,1,0
original-pingpong,P1-s240,9408,1,0,0
original-pingpong,P1-s240,11059,1,0,0
original-pingpong,P2-s0,2879,0,1,0
original-pingpong,P2-s0,6111,1,0,0
original-pingpong,P2-s0,6132,1,0,0
original-pingpong,P2-s0,7355,1,1,0
original-pingpong,P2-s0,8987,1,1,0
original-pingpong,P2-s0,10288,1,0,0
original-pingpong,P2-s128,2642,1,0,0
original-pingpong,P2-s240,179,1,0,0
original-pingpong,P2-s240,2365,1,1,0
original-pingpong,P2-s240,6028,1,1,0
