ACCOUNTING_COUNT_ONLY	1
ACCOUNTING_DIR	/Users/jieyilong/Personal/research/ShorOptimization/shor_optimization_workspace/outputs/qip2027-mechanism-revision-20260908/accounting/runs/jump2-windowed-exact-count
ACCOUNTING_EXACT_QROM	1
CONSTPROP_MAX_ITERS	16
DIALOG_TAIL_NONCE	9000624727621
LUD_EXTRA_FOLD_MAX_G	999
LUD_EXTRA_FOLD_MIN_G	0
LUD_EXTRA_FOLD_VENTS	0
SINGLE_CCX_FANOUT_DISABLE	1
TLM_ADD_CONST_SKIP_STRUCTURAL_DEAD_CARRIES	1
TLM_APPLY_ADD_SKIP_LASTK	1
TLM_APPLY_FWD_CSWAP_SKIP_LAST	2
TLM_APPLY_FWD_FIRST_CSWAP_SKIP	1
TLM_APPLY_FWD_S2_ZERO_LAST	1
TLM_APPLY_INV_CSWAP_SKIP_LAST	1
TLM_APPLY_INV_S2_ZERO_LAST	1
TLM_CODEC_DIAMOND_MCX	1
TLM_COMPARE_SKIP_EXACT_CIN_REMAINDER	1
TLM_COMPARE_SKIP_EXACT_REMAINDER	1
TLM_COMPARE_SKIP_STRUCTURAL_DEAD_CALLS	1
TLM_CONST_CHUNK_SKIP_EXACT_REMAINDER	1
TLM_CONST_CHUNK_SKIP_STRUCTURAL_DEAD_CALLS	1
TLM_COORD_ADD3X_TRUNC	1
TLM_COORD_RSUB_FUSED	1
TLM_COUT_ERASE_CAP	22
TLM_COUT_ERASE_CAP_CALLS	24:9999
TLM_COUT_K_DELTA	2
TLM_COUT_LAYOUT_FORCE_M1_KS	129
TLM_COUT_LAYOUT_MARGIN	0
TLM_COUT_LAYOUT_SEARCH	1
TLM_CUCCARO_SKIP_STRUCTURAL_DEAD_CALLS	1
TLM_DIRECT_VARCHUNK	1
TLM_FFG_DELTA	0
TLM_FFG_INVERSE_TOP29_MAX_CALL	180
TLM_FFG_MAX_G	47
TLM_FFG_RELEASE_CY0_CALLS	178,180,181,182,183,184,185,186,187,188,189,190,191,192,193,194,195,196,197,198,199,200,201,203,208,210,211,212,213,215,217,219,221,226,232,234,235,236,237,239
TLM_FFG_RELEASE_CY0_DURING_SUFFIX	1
TLM_FFG_SKIP_EXACT_TOP29_REMAINDER	1
TLM_FFG_SKIP_INVERSE_MOD_SUB_TOP29	1
TLM_FFG_SKIP_STRUCTURAL_DEAD_CALLS	1
TLM_FFG_SKIP_TOP_CARRY30	1
TLM_FFG_SKIP_TOP_CARRY31	1
TLM_FOLD_BOUNDARY_ZERO_DIRECT	1
TLM_FOLD_CHUNK_FORCE	4
TLM_FOLD_CHUNK_ZERO_CIN	1
TLM_FOLD_DELTA	2
TLM_FOLD_RELEASE_CONTROLS	1
TLM_FOLD_TAIL_CINC	1
TLM_FUSED_CLEAN_FOLD_SKIP_TOP31	1
TLM_FUSED_SKIP_EXACT_BOUNDARY_ZERO	1
TLM_FUSED_SKIP_EXACT_FOLD_REMAINDER	1
TLM_FUSED_SKIP_STRUCTURAL_DEAD_CARRIES	1
TLM_FUSED_SKIP_STRUCTURAL_DEAD_CLEAN_WINDOW	1
TLM_FUSED_SKIP_STRUCTURAL_DEAD_DIRTY_FOLD	1
TLM_FUSED_SKIP_STRUCTURAL_DEAD_SHIFT0	1
TLM_GAP_J2_DELTA	2
TLM_GAP_J2_HI	200
TLM_GAP_J2_LO	0
TLM_GAP_J2_TRUNC_ONLY	1
TLM_GCD_ADAPTIVE_LAYOUT_MARGIN	0
TLM_GCD_ADAPTIVE_LAYOUT_SEARCH	1
TLM_GCD_K_ADJUST	-2
TLM_GCD_K_ADJUST_AFTER	169
TLM_GCD_K_ADJUST_BEFORE	196
TLM_GCD_RESELECT_LAYOUT	1
TLM_GCD_SKIP_EXACT_FORWARD_CSWAPS	1
TLM_GCD_SKIP_EXACT_SHIFT_REMAINDER	1
TLM_GCD_SKIP_REVERSE_DIAGONAL_EDGE	1
TLM_GCD_SKIP_STRUCTURAL_DEAD_CSWAPS	1
TLM_GCD_SKIP_STRUCTURAL_DEAD_SHIFTS	1
TLM_GIDNEY_SKIP_EXACT_ERASE_ALL_CCZ	1
TLM_GIDNEY_SKIP_EXACT_REMAINDER	1
TLM_GIDNEY_SKIP_SMALL_RESIDUAL_DEAD	1
TLM_GIDNEY_SKIP_STRUCTURAL_DEAD_CALLS	1
TLM_GRAD_FINAL_NO_COUT	1
TLM_HYB_V_DELTA	2
TLM_KG_INC_VENT	1
TLM_LOAN_EVEN_V0	1
TLM_LOAN_GCD_Y0	1
TLM_LOAN_ODD_U0	1
TLM_PARK_EVEN_V0	1
TLM_PARK_ODD_U0	1
TLM_SQUARE_FROM_ZERO	1
TLM_SQUARE_F_RAMP10_DIRECT32_TAGS	
TLM_SQUARE_F_SHIFTED_LOW	1
TLM_SQUARE_PEAK_CAP	1150
TLM_SQUARE_VENT_MARGIN	0
TLM_SQUARE_VENT_SHIFTED	1
TLM_TARGET_FFG_CALL_RESERVES	163:8,165:8,166:7,167:8,168:7,169:6,170:7,171:6,172:5,173:6,174:5,175:4,176:5,177:4,178:3,179:4,180:3,181:2,182:3,183:2,184:1,185:2,186:1,187:0,188:1,189:0,190:3,191:0,192:3,193:3,194:3,195:3,196:4,197:3,198:4,199:4,200:4,201:4,202:4,203:4,204:4,205:5,206:4,207:5,208:5,209:5,210:5,211:5,212:5,213:5,214:5,215:5,216:5,217:6,218:5,219:6,220:6,221:6,222:6,223:6,224:6,225:6,226:6,227:6,228:6,229:6,230:6,231:6,232:7,233:6,234:7,235:7,236:7,237:7,238:7,239:7,240:7,241:7,242:7,243:7,244:7,245:7,246:7,247:7,248:8,249:8,250:8,251:8,252:8,253:8,254:8,509:8,510:8,511:8,512:8,513:8,514:8,515:8,516:7,517:7,518:7,519:7,520:7,521:7,522:7,523:7,524:7,525:7,526:7,527:7,528:7,529:7,530:6,531:7,532:6,533:6,534:6,535:6,536:6,537:6,538:6,539:6,540:6,541:6,542:6,543:6,544:6,545:5,546:6,547:5,548:5,549:5,550:5,551:5,552:5,553:5,554:5,555:5,556:5,557:4,558:5,559:4,560:4,561:4,562:4,563:4,564:4,565:4,566:3,567:4,568:3,569:3,570:3,571:3,572:0,573:3,574:0,575:1,576:0,577:1,578:2,579:1,580:2,581:3,582:2,583:3,584:4,585:3,586:4,587:5,588:4,589:5,590:6,591:5,592:6,593:7,594:6,595:7,596:8,597:7,598:8,600:8
TLM_TARGET_FFG_CALL_RESERVE_OVERRIDES	184:4,186:4,188:4,205:6,207:6,209:6,220:7,222:7,224:7,238:8,240:8,242:8,251:9,257:10,262:10,355:10,362:10,359:10,181:3,183:3,185:3,187:4,189:4,191:4,196:5,198:5,200:5,208:6,210:6,212:6,223:7,225:7,227:7,241:8,243:8,245:8,250:9,252:9,190:4,192:4,193:5,194:4,195:5,197:5,199:5,201:5,202:6,203:5,204:6,206:6,211:6,213:6,214:7,215:6,216:7,218:7,226:7,228:8,229:8,230:8,231:8,233:8,244:8,246:8,247:9,253:9,254:10,259:11,358:10,340:11,341:11,342:11,343:11,344:11,345:11,346:11,347:11,348:11,349:11,350:11
TLM_TARGET_FFG_RESERVE	9
TLM_TARGET_FOLD_CALL_RESERVES	170:3,172:3,173:2,174:3,175:2,176:1,177:2,178:1,179:0,180:1,181:0,182:0,183:0,184:0,185:3,186:0,187:3,188:3,189:3,190:3,191:3,192:3,193:3,195:3,251:3,252:3,253:3,254:3,255:3,256:3,257:3,258:3,259:3,260:3,261:3,262:3,318:3,320:3,321:3,322:3,323:3,324:3,325:3,326:3,327:0,328:3,329:0,330:0,331:0,332:0,333:1,334:0,335:1,336:2,337:1,338:2,339:3,340:2,341:3,343:3
TLM_TARGET_FOLD_CALL_RESERVE_OVERRIDES	173:3,175:3,177:3,256:11,257:11,336:3,338:3,340:3,176:3,178:3,180:3,254:5,259:20,333:3,335:3,337:3,179:3,181:3,183:3,182:3,184:3,186:3,327:3,329:3,330:3,331:3,332:3,334:3
TLM_TARGET_FOLD_RESERVE	4
TLM_TARGET_Q	1150
W1155_FWD_EQ_REV	1
WINDOWED_MODE	1
WINDOWED_QROM_UNLOAD	split
