phase	start	end
window_qrom_xy_load_walk	22	8328
tlm_coord_x_sub	8328	11944
tlm_coord_y_sub	11944	15560
window_qrom_xy_unload_measure	15560	16584
window_qrom_xy_unload_clear	16584	26348
tlm_inverse	26348	23151294
window_qrom_3x_load_walk	23151294	23155504
tlm_coord_add3x	23155504	23166139
window_qrom_3x_unload_walk	23166139	23166651
window_qrom_3x_unload_clear	23166651	23171551
tlm_square	23171551	23171807
square_product_register	23171807	24095780
tlm_forward_multiply	24095780	47236178
window_qrom_recover_load_walk	47236178	47244484
tlm_coord_y_sub_final	47244484	47248100
window_recover_controlled_neg	47248100	47253153
window_recover_x_add	47253153	47256407
window_qrom_recover_unload_measure	47256407	47257431
window_qrom_recover_unload_clear	47257431	47276057
