peak_phase	active	op_index	allocation_phase	file	line	count
init	1041	87	init	src/bin/../point_add/pingpong_div.rs	1242	256
init	1041	87	init	src/bin/../point_add/pingpong_div.rs	1243	256
init	1041	87	init	src/bin/../point_add/pingpong_div.rs	1244	16
init	1041	87	init	src/bin/../point_add/trailmix_ludicrous/ec_add.rs	346	256
init	1041	87	init	src/bin/../point_add/trailmix_ludicrous/ec_add.rs	347	256
init	1041	87	init	src/bin/../point_add/trailmix_ludicrous/ec_add.rs	499	1
pp_coefficient_allocate	1249	68820368	init	src/bin/../point_add/pingpong_div.rs	1242	8
pp_coefficient_allocate	1249	68820368	init	src/bin/../point_add/pingpong_div.rs	1243	256
pp_coefficient_allocate	1249	68820368	init	src/bin/../point_add/pingpong_div.rs	1244	16
pp_coefficient_allocate	1249	68820368	init	src/bin/../point_add/trailmix_ludicrous/ec_add.rs	499	1
pp_coefficient_allocate	1249	68820368	pp_coefficient_allocate	src/bin/../point_add/pingpong_div.rs	76	256
pp_coefficient_allocate	1249	68820368	pp_setup	src/bin/../point_add/arith/adder.rs	341	8
pp_coefficient_allocate	1249	68820368	pp_value_forward	src/bin/../point_add/pingpong_div.rs	265	1
pp_coefficient_allocate	1249	68820368	pp_value_forward	src/bin/../point_add/pingpong_div.rs	508	703
pp_coefficient_clear	1249	72491861	init	src/bin/../point_add/pingpong_div.rs	1242	8
pp_coefficient_clear	1249	72491861	init	src/bin/../point_add/pingpong_div.rs	1243	256
pp_coefficient_clear	1249	72491861	init	src/bin/../point_add/pingpong_div.rs	1244	16
pp_coefficient_clear	1249	72491861	init	src/bin/../point_add/trailmix_ludicrous/ec_add.rs	499	1
pp_coefficient_clear	1249	72491861	pp_coefficient_allocate	src/bin/../point_add/pingpong_div.rs	76	256
pp_coefficient_clear	1249	72491861	pp_setup	src/bin/../point_add/arith/adder.rs	341	8
pp_coefficient_clear	1249	72491861	pp_value_forward	src/bin/../point_add/pingpong_div.rs	265	1
pp_coefficient_clear	1249	72491861	pp_value_forward	src/bin/../point_add/pingpong_div.rs	508	703
pp_endpoint	1337	72490029	init	src/bin/../point_add/pingpong_div.rs	1242	8
pp_endpoint	1337	72490029	init	src/bin/../point_add/pingpong_div.rs	1243	256
pp_endpoint	1337	72490029	init	src/bin/../point_add/pingpong_div.rs	1244	16
pp_endpoint	1337	72490029	init	src/bin/../point_add/trailmix_ludicrous/ec_add.rs	499	1
pp_endpoint	1337	72490029	pp_coefficient_allocate	src/bin/../point_add/pingpong_div.rs	76	256
pp_endpoint	1337	72490029	pp_endpoint	src/bin/../point_add/arith/const_arith.rs	417	88
pp_endpoint	1337	72490029	pp_setup	src/bin/../point_add/arith/adder.rs	341	8
pp_endpoint	1337	72490029	pp_value_forward	src/bin/../point_add/pingpong_div.rs	265	1
pp_endpoint	1337	72490029	pp_value_forward	src/bin/../point_add/pingpong_div.rs	508	703
pp_replay_halving_initial	1338	68820369	init	src/bin/../point_add/pingpong_div.rs	1242	8
pp_replay_halving_initial	1338	68820369	init	src/bin/../point_add/pingpong_div.rs	1243	256
pp_replay_halving_initial	1338	68820369	init	src/bin/../point_add/pingpong_div.rs	1244	16
pp_replay_halving_initial	1338	68820369	init	src/bin/../point_add/trailmix_ludicrous/ec_add.rs	499	1
pp_replay_halving_initial	1338	68820369	pp_coefficient_allocate	src/bin/../point_add/pingpong_div.rs	76	256
pp_replay_halving_initial	1338	68820369	pp_replay_halving_initial	src/bin/../point_add/arith/const_arith.rs	417	88
pp_replay_halving_initial	1338	68820369	pp_replay_halving_initial	src/bin/../point_add/pingpong_div.rs	1081	1
pp_replay_halving_initial	1338	68820369	pp_setup	src/bin/../point_add/arith/adder.rs	341	8
pp_replay_halving_initial	1338	68820369	pp_value_forward	src/bin/../point_add/pingpong_div.rs	265	1
pp_replay_halving_initial	1338	68820369	pp_value_forward	src/bin/../point_add/pingpong_div.rs	508	703
pp_replay_halving_ordinary	1336	68823483	init	src/bin/../point_add/pingpong_div.rs	1242	8
pp_replay_halving_ordinary	1336	68823483	init	src/bin/../point_add/pingpong_div.rs	1243	256
pp_replay_halving_ordinary	1336	68823483	init	src/bin/../point_add/pingpong_div.rs	1244	16
pp_replay_halving_ordinary	1336	68823483	init	src/bin/../point_add/trailmix_ludicrous/ec_add.rs	499	1
pp_replay_halving_ordinary	1336	68823483	pp_coefficient_allocate	src/bin/../point_add/pingpong_div.rs	76	256
pp_replay_halving_ordinary	1336	68823483	pp_replay_halving_ordinary	src/bin/../point_add/pingpong_div.rs	629	85
pp_replay_halving_ordinary	1336	68823483	pp_replay_halving_ordinary	src/bin/../point_add/pingpong_div.rs	714	1
pp_replay_halving_ordinary	1336	68823483	pp_replay_halving_ordinary	src/bin/../point_add/pingpong_div.rs	873	1
pp_replay_halving_ordinary	1336	68823483	pp_setup	src/bin/../point_add/arith/adder.rs	341	8
pp_replay_halving_ordinary	1336	68823483	pp_value_forward	src/bin/../point_add/pingpong_div.rs	265	1
pp_replay_halving_ordinary	1336	68823483	pp_value_forward	src/bin/../point_add/pingpong_div.rs	508	703
pp_replay_halving_seed	1338	68822304	init	src/bin/../point_add/pingpong_div.rs	1242	8
pp_replay_halving_seed	1338	68822304	init	src/bin/../point_add/pingpong_div.rs	1243	256
pp_replay_halving_seed	1338	68822304	init	src/bin/../point_add/pingpong_div.rs	1244	16
pp_replay_halving_seed	1338	68822304	init	src/bin/../point_add/trailmix_ludicrous/ec_add.rs	499	1
pp_replay_halving_seed	1338	68822304	pp_coefficient_allocate	src/bin/../point_add/pingpong_div.rs	76	256
pp_replay_halving_seed	1338	68822304	pp_replay_halving_seed	src/bin/../point_add/arith/const_arith.rs	417	88
pp_replay_halving_seed	1338	68822304	pp_replay_halving_seed	src/bin/../point_add/pingpong_div.rs	1081	1
pp_replay_halving_seed	1338	68822304	pp_setup	src/bin/../point_add/arith/adder.rs	341	8
pp_replay_halving_seed	1338	68822304	pp_value_forward	src/bin/../point_add/pingpong_div.rs	265	1
pp_replay_halving_seed	1338	68822304	pp_value_forward	src/bin/../point_add/pingpong_div.rs	508	703
pp_replay_inverse_initial	1338	113467867	init	src/bin/../point_add/pingpong_div.rs	1242	8
pp_replay_inverse_initial	1338	113467867	init	src/bin/../point_add/pingpong_div.rs	1243	256
pp_replay_inverse_initial	1338	113467867	init	src/bin/../point_add/pingpong_div.rs	1244	16
pp_replay_inverse_initial	1338	113467867	init	src/bin/../point_add/trailmix_ludicrous/ec_add.rs	499	1
pp_replay_inverse_initial	1338	113467867	pp_coefficient_allocate	src/bin/../point_add/pingpong_div.rs	76	256
pp_replay_inverse_initial	1338	113467867	pp_replay_inverse_initial	src/bin/../point_add/arith/const_arith.rs	417	88
pp_replay_inverse_initial	1338	113467867	pp_replay_inverse_initial	src/bin/../point_add/pingpong_div.rs	1102	1
pp_replay_inverse_initial	1338	113467867	pp_setup	src/bin/../point_add/arith/adder.rs	341	8
pp_replay_inverse_initial	1338	113467867	pp_value_forward	src/bin/../point_add/pingpong_div.rs	265	1
pp_replay_inverse_initial	1338	113467867	pp_value_forward	src/bin/../point_add/pingpong_div.rs	508	703
pp_replay_inverse_ordinary	1337	109795432	init	src/bin/../point_add/pingpong_div.rs	1242	8
pp_replay_inverse_ordinary	1337	109795432	init	src/bin/../point_add/pingpong_div.rs	1243	256
pp_replay_inverse_ordinary	1337	109795432	init	src/bin/../point_add/pingpong_div.rs	1244	16
pp_replay_inverse_ordinary	1337	109795432	init	src/bin/../point_add/trailmix_ludicrous/ec_add.rs	499	1
pp_replay_inverse_ordinary	1337	109795432	pp_coefficient_allocate	src/bin/../point_add/pingpong_div.rs	76	256
pp_replay_inverse_ordinary	1337	109795432	pp_replay_inverse_ordinary	src/bin/../point_add/pingpong_div.rs	629	85
pp_replay_inverse_ordinary	1337	109795432	pp_replay_inverse_ordinary	src/bin/../point_add/pingpong_div.rs	714	1
pp_replay_inverse_ordinary	1337	109795432	pp_replay_inverse_ordinary	src/bin/../point_add/pingpong_div.rs	961	1
pp_replay_inverse_ordinary	1337	109795432	pp_replay_inverse_ordinary	src/bin/../point_add/pingpong_div.rs	970	1
pp_replay_inverse_ordinary	1337	109795432	pp_setup	src/bin/../point_add/arith/adder.rs	341	8
pp_replay_inverse_ordinary	1337	109795432	pp_value_forward	src/bin/../point_add/pingpong_div.rs	265	1
pp_replay_inverse_ordinary	1337	109795432	pp_value_forward	src/bin/../point_add/pingpong_div.rs	508	703
pp_replay_inverse_seed	1338	113465933	init	src/bin/../point_add/pingpong_div.rs	1242	8
pp_replay_inverse_seed	1338	113465933	init	src/bin/../point_add/pingpong_div.rs	1243	256
pp_replay_inverse_seed	1338	113465933	init	src/bin/../point_add/pingpong_div.rs	1244	16
pp_replay_inverse_seed	1338	113465933	init	src/bin/../point_add/trailmix_ludicrous/ec_add.rs	499	1
pp_replay_inverse_seed	1338	113465933	pp_coefficient_allocate	src/bin/../point_add/pingpong_div.rs	76	256
pp_replay_inverse_seed	1338	113465933	pp_replay_inverse_seed	src/bin/../point_add/arith/const_arith.rs	417	88
pp_replay_inverse_seed	1338	113465933	pp_replay_inverse_seed	src/bin/../point_add/pingpong_div.rs	1102	1
pp_replay_inverse_seed	1338	113465933	pp_setup	src/bin/../point_add/arith/adder.rs	341	8
pp_replay_inverse_seed	1338	113465933	pp_value_forward	src/bin/../point_add/pingpong_div.rs	265	1
pp_replay_inverse_seed	1338	113465933	pp_value_forward	src/bin/../point_add/pingpong_div.rs	508	703
pp_restore_layout	1042	73796790	init	src/bin/../point_add/pingpong_div.rs	1242	8
pp_restore_layout	1042	73796790	init	src/bin/../point_add/pingpong_div.rs	1243	256
pp_restore_layout	1042	73796790	init	src/bin/../point_add/pingpong_div.rs	1244	16
pp_restore_layout	1042	73796790	init	src/bin/../point_add/trailmix_ludicrous/ec_add.rs	499	1
pp_restore_layout	1042	73796790	pp_restore_layout	reacquire	0	83
pp_restore_layout	1042	73796790	pp_restore_layout	src/bin/../point_add/trailmix_ludicrous/ec_add.rs	381	257
pp_restore_layout	1042	73796790	pp_restore_layout	src/bin/../point_add/trailmix_ludicrous/qrom.rs	407	256
pp_restore_layout	1042	73796790	pp_value_reverse	src/bin/../point_add/pingpong_div.rs	527	165
pp_setup	791	67514083	init	src/bin/../point_add/pingpong_div.rs	1242	256
pp_setup	791	67514083	init	src/bin/../point_add/pingpong_div.rs	1243	256
pp_setup	791	67514083	init	src/bin/../point_add/pingpong_div.rs	1244	16
pp_setup	791	67514083	init	src/bin/../point_add/trailmix_ludicrous/ec_add.rs	499	1
pp_setup	791	67514083	pp_setup	src/bin/../point_add/arith/adder.rs	341	256
pp_setup	791	67514083	pp_setup	src/bin/../point_add/pingpong_div.rs	49	3
pp_setup	791	67514083	pp_setup	src/bin/../point_add/pingpong_div.rs	52	3
pp_value_forward	1080	68229417	init	src/bin/../point_add/pingpong_div.rs	1242	188
pp_value_forward	1080	68229417	init	src/bin/../point_add/pingpong_div.rs	1243	256
pp_value_forward	1080	68229417	init	src/bin/../point_add/pingpong_div.rs	1244	16
pp_value_forward	1080	68229417	init	src/bin/../point_add/trailmix_ludicrous/ec_add.rs	499	1
pp_value_forward	1080	68229417	pp_setup	src/bin/../point_add/arith/adder.rs	341	188
pp_value_forward	1080	68229417	pp_value_forward	src/bin/../point_add/pingpong_div.rs	265	1
pp_value_forward	1080	68229417	pp_value_forward	src/bin/../point_add/pingpong_div.rs	423	187
pp_value_forward	1080	68229417	pp_value_forward	src/bin/../point_add/pingpong_div.rs	508	243
pp_value_reverse	1080	72937013	init	src/bin/../point_add/pingpong_div.rs	1242	8
pp_value_reverse	1080	72937013	init	src/bin/../point_add/pingpong_div.rs	1243	256
pp_value_reverse	1080	72937013	init	src/bin/../point_add/pingpong_div.rs	1244	16
pp_value_reverse	1080	72937013	init	src/bin/../point_add/trailmix_ludicrous/ec_add.rs	499	1
pp_value_reverse	1080	72937013	pp_setup	src/bin/../point_add/arith/adder.rs	341	8
pp_value_reverse	1080	72937013	pp_value_forward	src/bin/../point_add/pingpong_div.rs	265	1
pp_value_reverse	1080	72937013	pp_value_forward	src/bin/../point_add/pingpong_div.rs	508	306
pp_value_reverse	1080	72937013	pp_value_reverse	src/bin/../point_add/pingpong_div.rs	423	166
pp_value_reverse	1080	72937013	pp_value_reverse	src/bin/../point_add/pingpong_div.rs	527	159
pp_value_reverse	1080	72937013	pp_value_reverse	src/bin/../point_add/pingpong_div.rs	528	159
square_product_register	1338	107687000	init	src/bin/../point_add/pingpong_div.rs	1242	8
square_product_register	1338	107687000	init	src/bin/../point_add/pingpong_div.rs	1243	256
square_product_register	1338	107687000	init	src/bin/../point_add/pingpong_div.rs	1244	16
square_product_register	1338	107687000	init	src/bin/../point_add/trailmix_ludicrous/ec_add.rs	499	1
square_product_register	1338	107687000	pp_restore_layout	reacquire	0	83
square_product_register	1338	107687000	pp_value_reverse	src/bin/../point_add/pingpong_div.rs	527	165
square_product_register	1338	107687000	square_product_register	src/bin/../point_add/trailmix_ludicrous/arith.rs	788	38
square_product_register	1338	107687000	square_product_register	src/bin/../point_add/trailmix_ludicrous/square/product_register.rs	120	128
square_product_register	1338	107687000	square_product_register	src/bin/../point_add/trailmix_ludicrous/square/product_register.rs	300	1
square_product_register	1338	107687000	square_product_register	src/bin/../point_add/trailmix_ludicrous/square/product_register.rs	301	1
square_product_register	1338	107687000	square_product_register	src/bin/../point_add/trailmix_ludicrous/square/product_register.rs	304	129
square_product_register	1338	107687000	square_product_register	src/bin/../point_add/trailmix_ludicrous/square/product_register.rs	314	256
square_product_register	1338	107687000	tlm_square	src/bin/../point_add/trailmix_ludicrous/square.rs	555	256
tlm_coord_add3x	1149	90772091	init	src/bin/../point_add/pingpong_div.rs	1242	8
tlm_coord_add3x	1149	90772091	init	src/bin/../point_add/pingpong_div.rs	1243	256
tlm_coord_add3x	1149	90772091	init	src/bin/../point_add/pingpong_div.rs	1244	16
tlm_coord_add3x	1149	90772091	init	src/bin/../point_add/trailmix_ludicrous/ec_add.rs	499	1
tlm_coord_add3x	1149	90772091	pp_restore_layout	reacquire	0	83
tlm_coord_add3x	1149	90772091	pp_restore_layout	src/bin/../point_add/trailmix_ludicrous/ec_add.rs	381	257
tlm_coord_add3x	1149	90772091	pp_restore_layout	src/bin/../point_add/trailmix_ludicrous/qrom.rs	407	256
tlm_coord_add3x	1149	90772091	pp_value_reverse	src/bin/../point_add/pingpong_div.rs	527	165
tlm_coord_add3x	1149	90772091	tlm_coord_add3x	src/bin/../point_add/trailmix_ludicrous/arith.rs	1627	1
tlm_coord_add3x	1149	90772091	tlm_coord_add3x	src/bin/../point_add/trailmix_ludicrous/arith.rs	1654	105
tlm_coord_add3x	1149	90772091	tlm_coord_add3x	src/bin/../point_add/trailmix_ludicrous/arith.rs	1771	1
tlm_coord_x_sub	1092	33950240	init	src/bin/../point_add/pingpong_div.rs	1242	256
tlm_coord_x_sub	1092	33950240	init	src/bin/../point_add/pingpong_div.rs	1243	256
tlm_coord_x_sub	1092	33950240	init	src/bin/../point_add/pingpong_div.rs	1244	16
tlm_coord_x_sub	1092	33950240	init	src/bin/../point_add/trailmix_ludicrous/ec_add.rs	346	256
tlm_coord_x_sub	1092	33950240	init	src/bin/../point_add/trailmix_ludicrous/ec_add.rs	347	256
tlm_coord_x_sub	1092	33950240	init	src/bin/../point_add/trailmix_ludicrous/ec_add.rs	499	1
tlm_coord_x_sub	1092	33950240	tlm_coord_x_sub	src/bin/../point_add/trailmix_ludicrous/arith.rs	991	2
tlm_coord_x_sub	1092	33950240	tlm_coord_x_sub	src/bin/../point_add/trailmix_ludicrous/arith.rs	1179	1
tlm_coord_x_sub	1092	33950240	tlm_coord_x_sub	src/bin/../point_add/trailmix_ludicrous/arith.rs	1207	47
tlm_coord_x_sub	1092	33950240	tlm_coord_x_sub	src/bin/../point_add/trailmix_ludicrous/arith.rs	1810	1
tlm_coord_y_sub	1092	33953520	init	src/bin/../point_add/pingpong_div.rs	1242	256
tlm_coord_y_sub	1092	33953520	init	src/bin/../point_add/pingpong_div.rs	1243	256
tlm_coord_y_sub	1092	33953520	init	src/bin/../point_add/pingpong_div.rs	1244	16
tlm_coord_y_sub	1092	33953520	init	src/bin/../point_add/trailmix_ludicrous/ec_add.rs	346	256
tlm_coord_y_sub	1092	33953520	init	src/bin/../point_add/trailmix_ludicrous/ec_add.rs	347	256
tlm_coord_y_sub	1092	33953520	init	src/bin/../point_add/trailmix_ludicrous/ec_add.rs	499	1
tlm_coord_y_sub	1092	33953520	tlm_coord_y_sub	src/bin/../point_add/trailmix_ludicrous/arith.rs	991	2
tlm_coord_y_sub	1092	33953520	tlm_coord_y_sub	src/bin/../point_add/trailmix_ludicrous/arith.rs	1179	1
tlm_coord_y_sub	1092	33953520	tlm_coord_y_sub	src/bin/../point_add/trailmix_ludicrous/arith.rs	1207	47
tlm_coord_y_sub	1092	33953520	tlm_coord_y_sub	src/bin/../point_add/trailmix_ludicrous/arith.rs	1810	1
tlm_coord_y_sub_final	1092	148723616	init	src/bin/../point_add/pingpong_div.rs	1242	8
tlm_coord_y_sub_final	1092	148723616	init	src/bin/../point_add/pingpong_div.rs	1243	256
tlm_coord_y_sub_final	1092	148723616	init	src/bin/../point_add/pingpong_div.rs	1244	16
tlm_coord_y_sub_final	1092	148723616	init	src/bin/../point_add/trailmix_ludicrous/ec_add.rs	499	1
tlm_coord_y_sub_final	1092	148723616	pp_restore_layout	reacquire	0	83
tlm_coord_y_sub_final	1092	148723616	pp_restore_layout	src/bin/../point_add/trailmix_ludicrous/ec_add.rs	436	256
tlm_coord_y_sub_final	1092	148723616	pp_restore_layout	src/bin/../point_add/trailmix_ludicrous/ec_add.rs	437	256
tlm_coord_y_sub_final	1092	148723616	pp_value_reverse	src/bin/../point_add/pingpong_div.rs	527	165
tlm_coord_y_sub_final	1092	148723616	tlm_coord_y_sub_final	src/bin/../point_add/trailmix_ludicrous/arith.rs	991	2
tlm_coord_y_sub_final	1092	148723616	tlm_coord_y_sub_final	src/bin/../point_add/trailmix_ludicrous/arith.rs	1179	1
tlm_coord_y_sub_final	1092	148723616	tlm_coord_y_sub_final	src/bin/../point_add/trailmix_ludicrous/arith.rs	1207	47
tlm_coord_y_sub_final	1092	148723616	tlm_coord_y_sub_final	src/bin/../point_add/trailmix_ludicrous/arith.rs	1810	1
tlm_forward_multiply	529	108486296	init	src/bin/../point_add/pingpong_div.rs	1242	8
tlm_forward_multiply	529	108486296	init	src/bin/../point_add/pingpong_div.rs	1243	256
tlm_forward_multiply	529	108486296	init	src/bin/../point_add/pingpong_div.rs	1244	16
tlm_forward_multiply	529	108486296	init	src/bin/../point_add/trailmix_ludicrous/ec_add.rs	499	1
tlm_forward_multiply	529	108486296	pp_restore_layout	reacquire	0	83
tlm_forward_multiply	529	108486296	pp_value_reverse	src/bin/../point_add/pingpong_div.rs	527	165
tlm_inverse	529	67513833	init	src/bin/../point_add/pingpong_div.rs	1242	256
tlm_inverse	529	67513833	init	src/bin/../point_add/pingpong_div.rs	1243	256
tlm_inverse	529	67513833	init	src/bin/../point_add/pingpong_div.rs	1244	16
tlm_inverse	529	67513833	init	src/bin/../point_add/trailmix_ludicrous/ec_add.rs	499	1
tlm_square	785	107562067	init	src/bin/../point_add/pingpong_div.rs	1242	8
tlm_square	785	107562067	init	src/bin/../point_add/pingpong_div.rs	1243	256
tlm_square	785	107562067	init	src/bin/../point_add/pingpong_div.rs	1244	16
tlm_square	785	107562067	init	src/bin/../point_add/trailmix_ludicrous/ec_add.rs	499	1
tlm_square	785	107562067	pp_restore_layout	reacquire	0	83
tlm_square	785	107562067	pp_value_reverse	src/bin/../point_add/pingpong_div.rs	527	165
tlm_square	785	107562067	tlm_square	src/bin/../point_add/trailmix_ludicrous/square.rs	555	256
window_qrom_3x_load_clear	1042	90771372	init	src/bin/../point_add/pingpong_div.rs	1242	8
window_qrom_3x_load_clear	1042	90771372	init	src/bin/../point_add/pingpong_div.rs	1243	256
window_qrom_3x_load_clear	1042	90771372	init	src/bin/../point_add/pingpong_div.rs	1244	16
window_qrom_3x_load_clear	1042	90771372	init	src/bin/../point_add/trailmix_ludicrous/ec_add.rs	499	1
window_qrom_3x_load_clear	1042	90771372	pp_restore_layout	reacquire	0	83
window_qrom_3x_load_clear	1042	90771372	pp_restore_layout	src/bin/../point_add/trailmix_ludicrous/ec_add.rs	381	257
window_qrom_3x_load_clear	1042	90771372	pp_restore_layout	src/bin/../point_add/trailmix_ludicrous/qrom.rs	407	256
window_qrom_3x_load_clear	1042	90771372	pp_value_reverse	src/bin/../point_add/pingpong_div.rs	527	165
window_qrom_3x_load_walk	1056	73796790	init	src/bin/../point_add/pingpong_div.rs	1242	8
window_qrom_3x_load_walk	1056	73796790	init	src/bin/../point_add/pingpong_div.rs	1243	256
window_qrom_3x_load_walk	1056	73796790	init	src/bin/../point_add/pingpong_div.rs	1244	16
window_qrom_3x_load_walk	1056	73796790	init	src/bin/../point_add/trailmix_ludicrous/ec_add.rs	499	1
window_qrom_3x_load_walk	1056	73796790	pp_restore_layout	reacquire	0	83
window_qrom_3x_load_walk	1056	73796790	pp_restore_layout	src/bin/../point_add/trailmix_ludicrous/ec_add.rs	381	257
window_qrom_3x_load_walk	1056	73796790	pp_restore_layout	src/bin/../point_add/trailmix_ludicrous/qrom.rs	407	256
window_qrom_3x_load_walk	1056	73796790	pp_value_reverse	src/bin/../point_add/pingpong_div.rs	527	165
window_qrom_3x_load_walk	1056	73796790	window_qrom_3x_load_walk	src/bin/../point_add/trailmix_ludicrous/qrom.rs	337	14
window_qrom_3x_unload_clear	913	90782163	init	src/bin/../point_add/pingpong_div.rs	1242	8
window_qrom_3x_unload_clear	913	90782163	init	src/bin/../point_add/pingpong_div.rs	1243	256
window_qrom_3x_unload_clear	913	90782163	init	src/bin/../point_add/pingpong_div.rs	1244	16
window_qrom_3x_unload_clear	913	90782163	init	src/bin/../point_add/trailmix_ludicrous/ec_add.rs	499	1
window_qrom_3x_unload_clear	913	90782163	pp_restore_layout	reacquire	0	83
window_qrom_3x_unload_clear	913	90782163	pp_value_reverse	src/bin/../point_add/pingpong_div.rs	527	165
window_qrom_3x_unload_clear	913	90782163	window_qrom_3x_unload_clear	src/bin/../point_add/trailmix_ludicrous/qrom_split_phase.rs	15	2
window_qrom_3x_unload_clear	913	90782163	window_qrom_3x_unload_clear	src/bin/../point_add/trailmix_ludicrous/qrom_split_phase.rs	21	382
window_qrom_3x_unload_walk	1041	90779607	init	src/bin/../point_add/pingpong_div.rs	1242	8
window_qrom_3x_unload_walk	1041	90779607	init	src/bin/../point_add/pingpong_div.rs	1243	256
window_qrom_3x_unload_walk	1041	90779607	init	src/bin/../point_add/pingpong_div.rs	1244	16
window_qrom_3x_unload_walk	1041	90779607	init	src/bin/../point_add/trailmix_ludicrous/ec_add.rs	499	1
window_qrom_3x_unload_walk	1041	90779607	pp_restore_layout	reacquire	0	83
window_qrom_3x_unload_walk	1041	90779607	pp_restore_layout	src/bin/../point_add/trailmix_ludicrous/ec_add.rs	381	256
window_qrom_3x_unload_walk	1041	90779607	pp_restore_layout	src/bin/../point_add/trailmix_ludicrous/qrom.rs	407	256
window_qrom_3x_unload_walk	1041	90779607	pp_value_reverse	src/bin/../point_add/pingpong_div.rs	527	165
window_qrom_recover_load_clear	1041	148721101	init	src/bin/../point_add/pingpong_div.rs	1242	8
window_qrom_recover_load_clear	1041	148721101	init	src/bin/../point_add/pingpong_div.rs	1243	256
window_qrom_recover_load_clear	1041	148721101	init	src/bin/../point_add/pingpong_div.rs	1244	16
window_qrom_recover_load_clear	1041	148721101	init	src/bin/../point_add/trailmix_ludicrous/ec_add.rs	499	1
window_qrom_recover_load_clear	1041	148721101	pp_restore_layout	reacquire	0	83
window_qrom_recover_load_clear	1041	148721101	pp_restore_layout	src/bin/../point_add/trailmix_ludicrous/ec_add.rs	436	256
window_qrom_recover_load_clear	1041	148721101	pp_restore_layout	src/bin/../point_add/trailmix_ludicrous/ec_add.rs	437	256
window_qrom_recover_load_clear	1041	148721101	pp_value_reverse	src/bin/../point_add/pingpong_div.rs	527	165
window_qrom_recover_load_walk	1056	114773463	init	src/bin/../point_add/pingpong_div.rs	1242	8
window_qrom_recover_load_walk	1056	114773463	init	src/bin/../point_add/pingpong_div.rs	1243	256
window_qrom_recover_load_walk	1056	114773463	init	src/bin/../point_add/pingpong_div.rs	1244	16
window_qrom_recover_load_walk	1056	114773463	init	src/bin/../point_add/trailmix_ludicrous/ec_add.rs	499	1
window_qrom_recover_load_walk	1056	114773463	pp_restore_layout	reacquire	0	83
window_qrom_recover_load_walk	1056	114773463	pp_restore_layout	src/bin/../point_add/trailmix_ludicrous/ec_add.rs	436	256
window_qrom_recover_load_walk	1056	114773463	pp_restore_layout	src/bin/../point_add/trailmix_ludicrous/ec_add.rs	437	256
window_qrom_recover_load_walk	1056	114773463	pp_value_reverse	src/bin/../point_add/pingpong_div.rs	527	165
window_qrom_recover_load_walk	1056	114773463	window_qrom_recover_load_walk	src/bin/../point_add/trailmix_ludicrous/qrom.rs	363	15
window_qrom_recover_unload_clear	1041	148734732	init	src/bin/../point_add/pingpong_div.rs	1242	8
window_qrom_recover_unload_clear	1041	148734732	init	src/bin/../point_add/pingpong_div.rs	1243	256
window_qrom_recover_unload_clear	1041	148734732	init	src/bin/../point_add/pingpong_div.rs	1244	16
window_qrom_recover_unload_clear	1041	148734732	init	src/bin/../point_add/trailmix_ludicrous/ec_add.rs	499	1
window_qrom_recover_unload_clear	1041	148734732	pp_restore_layout	reacquire	0	83
window_qrom_recover_unload_clear	1041	148734732	pp_value_reverse	src/bin/../point_add/pingpong_div.rs	527	165
window_qrom_recover_unload_clear	1041	148734732	window_qrom_recover_unload_clear	src/bin/../point_add/trailmix_ludicrous/qrom_split_phase.rs	15	2
window_qrom_recover_unload_clear	1041	148734732	window_qrom_recover_unload_clear	src/bin/../point_add/trailmix_ludicrous/qrom_split_phase.rs	21	510
window_qrom_recover_unload_measure	1041	148732688	init	src/bin/../point_add/pingpong_div.rs	1242	8
window_qrom_recover_unload_measure	1041	148732688	init	src/bin/../point_add/pingpong_div.rs	1243	256
window_qrom_recover_unload_measure	1041	148732688	init	src/bin/../point_add/pingpong_div.rs	1244	16
window_qrom_recover_unload_measure	1041	148732688	init	src/bin/../point_add/trailmix_ludicrous/ec_add.rs	499	1
window_qrom_recover_unload_measure	1041	148732688	pp_restore_layout	reacquire	0	83
window_qrom_recover_unload_measure	1041	148732688	pp_restore_layout	src/bin/../point_add/trailmix_ludicrous/ec_add.rs	436	256
window_qrom_recover_unload_measure	1041	148732688	pp_restore_layout	src/bin/../point_add/trailmix_ludicrous/ec_add.rs	437	256
window_qrom_recover_unload_measure	1041	148732688	pp_value_reverse	src/bin/../point_add/pingpong_div.rs	527	165
window_qrom_xy_load_clear	1041	33947725	init	src/bin/../point_add/pingpong_div.rs	1242	256
window_qrom_xy_load_clear	1041	33947725	init	src/bin/../point_add/pingpong_div.rs	1243	256
window_qrom_xy_load_clear	1041	33947725	init	src/bin/../point_add/pingpong_div.rs	1244	16
window_qrom_xy_load_clear	1041	33947725	init	src/bin/../point_add/trailmix_ludicrous/ec_add.rs	346	256
window_qrom_xy_load_clear	1041	33947725	init	src/bin/../point_add/trailmix_ludicrous/ec_add.rs	347	256
window_qrom_xy_load_clear	1041	33947725	init	src/bin/../point_add/trailmix_ludicrous/ec_add.rs	499	1
window_qrom_xy_load_walk	1056	87	init	src/bin/../point_add/pingpong_div.rs	1242	256
window_qrom_xy_load_walk	1056	87	init	src/bin/../point_add/pingpong_div.rs	1243	256
window_qrom_xy_load_walk	1056	87	init	src/bin/../point_add/pingpong_div.rs	1244	16
window_qrom_xy_load_walk	1056	87	init	src/bin/../point_add/trailmix_ludicrous/ec_add.rs	346	256
window_qrom_xy_load_walk	1056	87	init	src/bin/../point_add/trailmix_ludicrous/ec_add.rs	347	256
window_qrom_xy_load_walk	1056	87	init	src/bin/../point_add/trailmix_ludicrous/ec_add.rs	499	1
window_qrom_xy_load_walk	1056	87	window_qrom_xy_load_walk	src/bin/../point_add/trailmix_ludicrous/qrom.rs	363	15
window_qrom_xy_unload_clear	1041	33956329	init	src/bin/../point_add/pingpong_div.rs	1242	256
window_qrom_xy_unload_clear	1041	33956329	init	src/bin/../point_add/pingpong_div.rs	1243	256
window_qrom_xy_unload_clear	1041	33956329	init	src/bin/../point_add/pingpong_div.rs	1244	16
window_qrom_xy_unload_clear	1041	33956329	init	src/bin/../point_add/trailmix_ludicrous/ec_add.rs	499	1
window_qrom_xy_unload_clear	1041	33956329	window_qrom_xy_unload_clear	src/bin/../point_add/trailmix_ludicrous/qrom_split_phase.rs	15	2
window_qrom_xy_unload_clear	1041	33956329	window_qrom_xy_unload_clear	src/bin/../point_add/trailmix_ludicrous/qrom_split_phase.rs	21	510
window_qrom_xy_unload_measure	1041	33954285	init	src/bin/../point_add/pingpong_div.rs	1242	256
window_qrom_xy_unload_measure	1041	33954285	init	src/bin/../point_add/pingpong_div.rs	1243	256
window_qrom_xy_unload_measure	1041	33954285	init	src/bin/../point_add/pingpong_div.rs	1244	16
window_qrom_xy_unload_measure	1041	33954285	init	src/bin/../point_add/trailmix_ludicrous/ec_add.rs	346	256
window_qrom_xy_unload_measure	1041	33954285	init	src/bin/../point_add/trailmix_ludicrous/ec_add.rs	347	256
window_qrom_xy_unload_measure	1041	33954285	init	src/bin/../point_add/trailmix_ludicrous/ec_add.rs	499	1
window_recover_controlled_neg	1065	148724381	init	src/bin/../point_add/pingpong_div.rs	1242	8
window_recover_controlled_neg	1065	148724381	init	src/bin/../point_add/pingpong_div.rs	1243	256
window_recover_controlled_neg	1065	148724381	init	src/bin/../point_add/pingpong_div.rs	1244	16
window_recover_controlled_neg	1065	148724381	init	src/bin/../point_add/trailmix_ludicrous/ec_add.rs	499	1
window_recover_controlled_neg	1065	148724381	pp_restore_layout	reacquire	0	83
window_recover_controlled_neg	1065	148724381	pp_restore_layout	src/bin/../point_add/trailmix_ludicrous/ec_add.rs	436	256
window_recover_controlled_neg	1065	148724381	pp_restore_layout	src/bin/../point_add/trailmix_ludicrous/ec_add.rs	437	256
window_recover_controlled_neg	1065	148724381	pp_value_reverse	src/bin/../point_add/pingpong_div.rs	527	165
window_recover_controlled_neg	1065	148724381	window_recover_controlled_neg	src/bin/../point_add/trailmix_ludicrous/arith.rs	991	22
window_recover_controlled_neg	1065	148724381	window_recover_controlled_neg	src/bin/../point_add/trailmix_ludicrous/arith.rs	1179	1
window_recover_controlled_neg	1065	148724381	window_recover_controlled_neg	src/bin/../point_add/trailmix_ludicrous/arith.rs	2033	1
window_recover_x_add	1107	148732098	init	src/bin/../point_add/pingpong_div.rs	1242	8
window_recover_x_add	1107	148732098	init	src/bin/../point_add/pingpong_div.rs	1243	256
window_recover_x_add	1107	148732098	init	src/bin/../point_add/pingpong_div.rs	1244	16
window_recover_x_add	1107	148732098	init	src/bin/../point_add/trailmix_ludicrous/ec_add.rs	499	1
window_recover_x_add	1107	148732098	pp_restore_layout	reacquire	0	83
window_recover_x_add	1107	148732098	pp_restore_layout	src/bin/../point_add/trailmix_ludicrous/ec_add.rs	436	256
window_recover_x_add	1107	148732098	pp_restore_layout	src/bin/../point_add/trailmix_ludicrous/ec_add.rs	437	256
window_recover_x_add	1107	148732098	pp_value_reverse	src/bin/../point_add/pingpong_div.rs	527	165
window_recover_x_add	1107	148732098	window_recover_x_add	src/bin/../point_add/trailmix_ludicrous/arith.rs	1477	1
window_recover_x_add	1107	148732098	window_recover_x_add	src/bin/../point_add/trailmix_ludicrous/comparator.rs	678	1
window_recover_x_add	1107	148732098	window_recover_x_add	src/bin/../point_add/trailmix_ludicrous/comparator.rs	690	64
