label	got_x	got_y	classical	phase	ancilla	interface_ok
0	0x1b821824f67fbd36c75d13761110ccdab426ec3348a8e25ea91e710c9bf806f5	0x45b79e4d8c96e0f8102e0b051ba204ffd44575dcd23103739c46a98bd1599e20	0	0	0	true
1	0x85991baf62cccb92e594750f48209e5083b8631e43d21c7af8b6b004fd549418	0xe4eb890133cab0ea8e734879877f3a1affd83be4c67b7d12d7e59c63bfd8a892	0	0	0	true
2	0x2975274ceed64c0f8d9da63af386a27e7ab81df4b5848f1461b607f53f28ed3e	0xbcda8a0b3dafa504f1ef27514fe225e381a7c10813c60b697eb9502e715f72a0	0	0	0	true
3	0xccf928c4004ec3e7562930f2e7bfa17708765804e4119a8cc59627c7db4f8842	0xe9ab3d8a7e2fb00ea18cfb3fe543584e8d936af14413706e0ebb2c28aa8e43c1	0	0	0	true
4	0x3eeda8df7c90e7ae9a647177f392e502047cdc4ac13186d370a0dc4f48ab8092	0x88ed565e4a20a6053e8f67bb5757d6631b97884c5ca2170be6d5e7ec07f866e9	0	0	0	true
5	0x5bc6d6e322bfdb6309374a9c903eaae983fb4644146cf670a9f5d76e96c190f3	0x6a48ffd7584d05020661b94a5e18a0d39c93ab81946f4dd334ec8d9a5a306980	0	0	0	true
6	0xfbd40bff01b867622f1412ae09b496455849026f67ea5f7e18646e941f443f83	0x47d44787355f2af6b622e1855fad9c3e7c4f50609d090a4923b0e1e504c64e6e	0	0	0	true
7	0x189da55133543322e421526e21429b68a3f7b769a20ce5c9f14ac669e2332e0f	0xd38a8069c5bb190c6555c6027566580ded585f8fa0304fbc59809dbaf6362047	0	0	0	true
8	0x8a30a1b9531684d7a205d6b95bb94a210934894376db02161c8659a064755508	0x15ece7ac034dfb32e9a234531082c16bf360df964f5a259296c59115707436f	0	0	0	true
9	0xd1399bf8a028df3abf80202b014d2d785b53f5d5cb80dbec4e13b1539ea7267d	0x3ec720d4e024654a55b36b36864311e294deff2effa2d93f1e4c68ba9e5a7ea1	0	0	0	true
10	0x3601c3310d3ef1d3991f8852be27092be1468f72b2f5722d91f246c45ee8a6c	0xf14dc5dd543cff170251a909c0a4ea7a13beb2c0452945ebcfac2e7dee339c18	0	0	0	true
11	0xfc38acf41025014484d34e4bdbe22d82c441279f6994e6e77e2d583d515449a2	0x6b496af4f9a0947880ecea3956851d84d10b1795b3a0b52d21c31fdc94090ca	0	0	0	true
12	0x132ea318768471112fb3ae744873d24f345b4600b60a47ba34b61d08ebacfb97	0xe670ff9db1df369baa48016dd2401bc0e9ee13c0236543738712d8b8d5ee6087	0	0	0	true
13	0x748edf40b312d2b62db55fb6fed8d176b867734d34030a92d4f2e3085fc2b0d3	0x6ef7ad9d10bc89af817e733140141b1274ec0412240da1abbedb423623efa182	0	0	0	true
14	0xc2b400e329b441822bf212d447bc24b7ae3a94fd5f1778bfbf4a1fa2824725b9	0x1e53d17376a2cee318500cf329734e7d737100e32dd843c294c574c9152d1555	0	0	0	true
15	0x20144ffeb8ab92a6e3b177d024b947d84f3ba8476106b194c5a20763417ffb06	0x32739a2e86151a7c3561577df934762f4448b8fda5186c94e7f68e94f16feeb2	0	0	0	true
16	0xcb9bb6dfcc9430e667a511dbfba3de66815d4b1e155f6b0317071c98a4017050	0x4435775a5bdbd71fc3b8bbfa991faab2b8b89e06647f3faee38a0015c8d8d767	0	0	0	true
17	0xa032f8864bdab893a5f549615390891b0a604dc230a7e8955ce1cee9d1ad5a2f	0x301514e20aa9dd2d235dfc0fc7fba80b7170587ec9ea44b815fb880890712842	0	0	0	true
18	0xdf630bae38290478eb8beffeb248c120c06dd47381c3809a468497b7f5f9ca73	0xd7cde51562064f5f5564b1f8ec3b2f0c9d58952ac1d8bdec50cc3ac0a168e114	0	0	0	true
19	0xb5ce3c25c6f53b29b639a6d640ae4ec4052031f7a5798f73be6cc80abd41cfb6	0x205663434285c383c84ffd76534ec6c3a43eac2ea3155861c7935f05d7547dee	0	0	0	true
20	0x31056b4840316b6a13bd26acf7e42e24ba546c8acb2f820d675c9723c5f0d241	0xb2713dd4d1f65ddfca481ea056c671cc76241fb1447628467ff342469223d471	0	0	0	true
21	0x175280d5ff077b213d69a97ced3cdfbe56ffeb64ec1b7cbe00e8076c7380c7cc	0x52925e31c583ccdff8b549f2eaadd9f747f25646d78dfa8135cd288fabaa971f	0	0	0	true
22	0xd758baa88c6a2fe2a62afd9dd2b07f685502c734fae76b5889ab9d96905ed3a5	0x2a8b6bdfbb30b24cd0d6edd99a4a0a6d065e410a574b3ed91a53baef538ddb66	0	0	0	true
23	0x780dad25472b415a713b3523e2605b3d8ff841b825419d2def91fd77c15ad0f8	0xee33246f7d2091a09b8eeddbe15bf2a2960d352041a591188651f8ac3e838be5	0	0	0	true
24	0xf06bbbf82b61137073b66320b9f1c9fbd03fc0bb2dbedf29623526c7d6dfe411	0xfbecc1971884c93f9a6ab56fcf728383dab8121e03366e4983ebb20ecb604191	0	0	0	true
25	0x3f18827b6e580c0d776429f1198c8d3d91362f9a895125d7b0c951373049337c	0x8162873e49454e1bbba0b6c0c7c2348b7605d511ee00ce74e9987a7dfb434f42	0	0	0	true
26	0x64e28cee3875b73f8bd2f88a33f8674162e1cc9d2b07dc25f959dd1ce2878b77	0x3a3270ece8443c5e228997f676c459e98833a386e6014c975b2776dca8ad5c92	0	0	0	true
27	0x89a548f200685f3d657f6b9fcd67d3e38f6dcc16b60c88e189c717317ceb5fba	0x23054d6c1c5f9772e90b8fe58cad9c7626e270c2bf2c1945b41c50acb55a9197	1	0	0	true
28	0xc52cbb4be2d0a59a4b40b30b5081db3bda3c75491a48e129bf6b556d5a1d27fb	0xe36e38c8c3e00b1cc350fda54436f9c069ffed51dc66259901befcfcb6ac9451	0	0	0	true
29	0x85e71dfe7d7d0b9cb476dc41d7303543f4c460e9477798d1debb122973f165d2	0x99d30b0c08c099d1207f20b6923c74f38ffe728e13d37dc70d1f57ef07f3481a	0	0	0	true
30	0xaa7d5269df89304aa31dafa311835930a24e11c2d861bc88c76652d9a0ad6b5f	0x9c47203638e2d1186be4c5e6618e6c9753a5e01df6716fdf1051ef9be7510d23	1	0	0	true
31	0xe1074d0ffe8ed9e3bd92d5939520fd6dafa1e94b61571e54d7818d896f8297bf	0xa9666d2eef7c24eec3bffe28d92dcedc767671481ebc7fb1e99d23330f4c8bef	0	0	0	true
32	0x2f42eaf8e6dd7bddbc99d4b75c750a0d5dcb3e5ff24ee84c496baa61b26bad7a	0x5f0ed42098b5d42f490c4bd08fede3100bdc5c64439fae91983126692b90e481	0	0	0	true
33	0x4040e8e4b58246fd3dd338eda50b8212ff4fbcc335365f503eac4a5d0d812957	0x4fcc1875577d18a3ed68db705253b2930d43e8cd573848dd025bf96c0749b867	1	0	0	true
34	0x34523e09b42c115b9293c4ff594d2bdf57db35b8923fe41b2d5f6208fa49c54b	0x2256a48e7525d50446cc2379bf65a4e5af0866d1296f5a4879fb49634a5559e4	0	0	0	true
35	0x53d09699ed6a8b10bec69b37e05fcf59911437889725370fd44669443bd467fe	0x4942d04bee0a8da25b09160653fd19c08c0153532d293e73f846baa036dc767f	0	0	0	true
36	0xc3e27bf88e464f6399cb999a8cd3efc0a55aaad384df201e147817ace74a9b6f	0xfbf0f799bd74ef4e177c9341eed4ad47e8920518d57990b719a36459caf1e880	0	0	0	true
37	0x1ca8c5f8ad246086b8c918265e5ee0fde98a43a990d7e0ed69614c099a569b87	0x30e0c76e542dc1e3d107ed4dda6fe4303cca9a0940dfd20c1454a929f7e829b4	1	0	0	true
38	0x24b983f117576dbdc5429a1d3c288fc66b427bf7d6ddd9c3c4f81cc3e75cbb7c	0xa1239497a35efc7c65372d489f5cd868d8aa6c52a038f36c75f88af127633be7	0	0	0	true
39	0xbf7cbbda7fa85b7a956088fa80450c6dfce5887a0d18e61cd7d0eac05340cf8a	0xfb56e4bc2d4629a40f373c751c7154c6cc3aec8904b23bfbacc0aa7a431977e2	0	0	0	true
40	0xa57c04ff769ad572a8b276d4ce4bf90e83f3c1bb2deb735bf89f9004b4ac4ae3	0xe58b5c53ed0135d9a07e5ef790b460ff56e4b49d2054b4bb84a6e2a5ee5436ef	0	0	0	true
41	0x426090410972762064290ea9340341955de910a7a1a8f7121e013812bac888c7	0x558c1b41b9756b1e2e314a53cae4beaf8c4565af2470ad0bbfc46f49f8411dce	0	0	0	true
42	0x5271bec121f2f6487fdd2d5bac3202ce70f33dbaef4cbc6e9be8ba835de98c2a	0xfeb4ce5b4ddac02e6db7b8b32001ced55c142aebdbd19b5618fee29143af4f3f	0	0	0	true
43	0xb6b6f28f7e882d696a7526f469d219a2684a82e8db62a8e26371ab92737bd0f	0xcba88a04ebea3ded16d2744db3a92431e082309200a0fce1c86ff227b001cea1	0	0	0	true
44	0x9b54461671324e81f992da22f245e65e12ab2fd13e1be9cbe31476c86e1e6710	0x2f093b24f7c113e5f6fed8c67e2f8e0e53abf0bd82f044b3f2f99e133c650af4	0	0	0	true
45	0xdbd93576184756d1635f81de1a2f981c1543e4ce4c766a45f62b0e101d3606a	0x9402aac1d7df64169488bf88796c09cbe8eaf13fb9c20ce0ab8e0943c3e99ff7	0	0	0	true
46	0x2a223fbc206337f004765779ab710701002c74abb7cd6a7b63684fa049b704e0	0xcff5aa0e6b1dcb63fd43de7419137a5b7643875b820cd6546a4e907fcd772900	0	0	0	true
47	0xad9f59f7f7000468ea571385e51910b08421525697aae28e8a615944cd2d4554	0xaa1a191e00d7d7ac72ea0c5460b5f111f90505799ea9a384caf0133f4883b62	0	0	0	true
48	0x6d02102b3580e0e691fbf856e6b62b05895dd6a649b63972c4bc37db4984e2d8	0x719db94613706fb77e7cceb01a6a59c9809bb40a1f92f0387efba8e282b4ad14	0	0	0	true
49	0x1a7bdcf62ee8270726236d5675bbde8f893f13c8c13b6bec8cbd4d1316e088d1	0x31036f5c4a6e213bc8ea38a56e7109ed8173aff498942f2e261706e33c7e02b0	0	0	0	true
50	0x65ab87550b987841ae3199f301521c56ad162962f837ef324f5645e5f2c90b21	0x17e5f75d3a23ef4e39751f8402c0f5b75e959e9ff50439eb6e2b742b755f7200	1	0	0	true
51	0x354f5e6e19377cc0e5983f149ff74df3b4f133ca83ca6c946fdf3b2d4e926b02	0x3d079588aa6fa2f8beba9636b4dce56bf39ecc30b3f9666fca950bcd10ccf558	0	0	0	true
52	0x18f89ae1c436967e600e8bcd571677c2fa6dfcf8e092ed9e83c24d2431a5eb96	0xa1694378182fe54dd3d7cd361007bedf2541874da72187826ab658c3195de080	0	0	0	true
53	0xf6cbe36723df257ab8b1e6a6ea81bfeebb0a08423a5996acd54f42c396b3d0f4	0xdf34b05233f052b3234c7afde40492324f4210b6d78806159f25614da1fe846a	0	0	0	true
54	0xa2f61c6043fbeb1b1dbe688aa18671809cdbdce9de4e052a65856e3078d75850	0x2cdf31181ace9c7ae62a235831a72b7e67e9341b1ecbe2a4e7152cb460c150d	0	0	0	true
55	0x192b81ce463faa8236663e765455ff6642ea25902bac295352039c44054c93e6	0xc0929b16fe1606043e43c7647e3f64ed88e3492acb22b5b1d389f31ba0cef0a1	1	0	0	true
56	0x9c3e1288e6c229bc82a23267ef962b1d467dea2a3a45648843044616a1a864c8	0x471e5d1a1814b92a16a51f25124744acca95764b67f4ff113fe9c7312546d7f3	0	0	0	true
57	0x3425f1e11d1ed671d44df38e96295abfd3d6e479d40191d0843f14dad26ab252	0x67d968dad653184aaa0ae3e81a2570ea090af77711669147c2c211f38a8e300e	0	0	0	true
58	0x50ba5c7eed696b0cb36b77dd0a8e7062c265147bfffe495d02971523786e0909	0xca6fef3540879b9f32a1ac121dbfcb36ed06235f1ff27c2aa235e7b56cafff46	0	0	0	true
59	0x5f680b18a09354fd802ef9448cdc16ceb3a0ce465f8d4cc4c5bb4606dc379aa7	0x509aba899d0cc527be834be2078add723c707c907b9e8f4a5612251e5fccf359	0	0	0	true
60	0xc6fa90be894e878e297b629d758275a65ce1e49385869d3934c44e8e11d5a3ec	0xab027abd8f36bbf8702bd3f4c725e0e729872c366da5ccde8cc62df878ee7627	0	0	0	true
61	0xeb70ce1ef26b5d849245f0df9ba06d4d103125af7cea5beda08d89c681edf035	0xfd8194e474bb3dceb18913a6c6bd72ebeb752bf1a67050955319cf0daebdc23	0	0	0	true
62	0x176f2a31f0a5050ca19412877ab9cfaa7f47929491933cc6d1d9e3f297cf1199	0x9215123692e257f9ca8992dbc87b977232e8e5e2858f89cb8c09da6c29736c1f	0	0	0	true
63	0x58ac4d66e28ea5dbe45a25d2b37f01699a7c49f9926adf09e538d5feac9d9415	0x17e4d3b529ba7a11195b24a5d52afb5ebbfd8977f199acd822a11dfb47398518	0	0	0	true
