batch	index	address	target_x	target_y	addend_x	addend_y	expected_x	expected_y	got_x	got_y	got_address	classical_failure	phase_failure	ancilla_failure	any_failure
0	0	1	0x5b05d63896b2180d26d534bd2af5d61d7b521815b0b7afc1a3a4857a9e05b6a0	0x3e826c75914666cac05925b3d5b1c60f3075d482512475914bdf9ab438656682	0x79be667ef9dcbbac55a06295ce870b07029bfcdb2dce28d959f2815b16f81798	0x483ada7726a3c4655da4fbfc0e1108a8fd17b448a68554199c47d08ffb10d4b8	0x1b821824f67fbd36c75d13761110ccdab426ec3348a8e25ea91e710c9bf806f5	0x45b79e4d8c96e0f8102e0b051ba204ffd44575dcd23103739c46a98bd1599e20	0x1b821824f67fbd36c75d13761110ccdab426ec3348a8e25ea91e710c9bf806f5	0x45b79e4d8c96e0f8102e0b051ba204ffd44575dcd23103739c46a98bd1599e20	0x1	0	0	0	0
0	1	6	0xfee9bf3cb658f9b102a07703f2055a7af059ceac559ee68ec503bf5b05cb90f6	0x10cf7facc41778c184779b16a417722e6afd42b5c245e1d1153a4f48d32edec8	0xfff97bd5755eeea420453a14355235d382f6472f8568a18b2f057a1460297556	0xae12777aacfbb620f3be96017f45c560de80f0f6518fe4a03c870c36b075f297	0x85991baf62cccb92e594750f48209e5083b8631e43d21c7af8b6b004fd549418	0xe4eb890133cab0ea8e734879877f3a1affd83be4c67b7d12d7e59c63bfd8a892	0x85991baf62cccb92e594750f48209e5083b8631e43d21c7af8b6b004fd549418	0xe4eb890133cab0ea8e734879877f3a1affd83be4c67b7d12d7e59c63bfd8a892	0x6	0	0	0	0
0	2	7	0x4f75a35ae78a7a810118a7a905b217d2abae598ac573abc032a5af9fba0a58f8	0xe964127a914a5d8bd746735d730b5c5008e300c2d8109e197d809a38001f5325	0x5cbdf0646e5db4eaa398f365f2ea7a0e3d419b7e0330e39ce92bddedcac4f9bc	0x6aebca40ba255960a3178d6d861a54dba813d0b813fde7b5a5082628087264da	0x2975274ceed64c0f8d9da63af386a27e7ab81df4b5848f1461b607f53f28ed3e	0xbcda8a0b3dafa504f1ef27514fe225e381a7c10813c60b697eb9502e715f72a0	0x2975274ceed64c0f8d9da63af386a27e7ab81df4b5848f1461b607f53f28ed3e	0xbcda8a0b3dafa504f1ef27514fe225e381a7c10813c60b697eb9502e715f72a0	0x7	0	0	0	0
0	3	4	0x83a57458c9ab61ebdf5d88f157c7d8bd4dbc5e4c91154ff3a69e1094730c4343	0xc221507852dc1b3b9c219286bc473e61edecb5188a1c813ea5f9a265571a60d7	0xe493dbf1c10d80f3581e4904930b1404cc6c13900ee0758474fa94abe8c4cd13	0x51ed993ea0d455b75642e2098ea51448d967ae33bfbdfe40cfe97bdc47739922	0xccf928c4004ec3e7562930f2e7bfa17708765804e4119a8cc59627c7db4f8842	0xe9ab3d8a7e2fb00ea18cfb3fe543584e8d936af14413706e0ebb2c28aa8e43c1	0xccf928c4004ec3e7562930f2e7bfa17708765804e4119a8cc59627c7db4f8842	0xe9ab3d8a7e2fb00ea18cfb3fe543584e8d936af14413706e0ebb2c28aa8e43c1	0x4	0	0	0	0
0	4	11	0xdb1680299208e4c01bfaa62dc0c547f7f767d0deb43316249da58ac66f2adbf	0xffce087d611d1bfb94d300e6696cbfddfcdcacd7e4868b5e164974675a30dc7f	0x774ae7f858a9411e5ef4246b70c65aac5649980be5c17891bbec17895da008cb	0xd984a032eb6b5e190243dd56d7b7b365372db1e2dff9d6a8301d74c9c953c61b	0x3eeda8df7c90e7ae9a647177f392e502047cdc4ac13186d370a0dc4f48ab8092	0x88ed565e4a20a6053e8f67bb5757d6631b97884c5ca2170be6d5e7ec07f866e9	0x3eeda8df7c90e7ae9a647177f392e502047cdc4ac13186d370a0dc4f48ab8092	0x88ed565e4a20a6053e8f67bb5757d6631b97884c5ca2170be6d5e7ec07f866e9	0xb	0	0	0	0
0	5	4	0x38ab40d78f6ac7ec064eaf5406e40923b4c165886912e0fa0cb45157bd18df9	0x2d1226b814100200fc2fe3788f1f8b271a9d013187e04ea43776600ad8571d14	0xe493dbf1c10d80f3581e4904930b1404cc6c13900ee0758474fa94abe8c4cd13	0x51ed993ea0d455b75642e2098ea51448d967ae33bfbdfe40cfe97bdc47739922	0x5bc6d6e322bfdb6309374a9c903eaae983fb4644146cf670a9f5d76e96c190f3	0x6a48ffd7584d05020661b94a5e18a0d39c93ab81946f4dd334ec8d9a5a306980	0x5bc6d6e322bfdb6309374a9c903eaae983fb4644146cf670a9f5d76e96c190f3	0x6a48ffd7584d05020661b94a5e18a0d39c93ab81946f4dd334ec8d9a5a306980	0x4	0	0	0	0
0	6	4	0x9182f300f4fd6f010dde27f4ab21617e7e525e2c4928b700e0979adf30ce15d1	0x59d3599f00309ba8585920f2807e6594776af3a9fb73f1da2ce2802b4f91255f	0xe493dbf1c10d80f3581e4904930b1404cc6c13900ee0758474fa94abe8c4cd13	0x51ed993ea0d455b75642e2098ea51448d967ae33bfbdfe40cfe97bdc47739922	0xfbd40bff01b867622f1412ae09b496455849026f67ea5f7e18646e941f443f83	0x47d44787355f2af6b622e1855fad9c3e7c4f50609d090a4923b0e1e504c64e6e	0xfbd40bff01b867622f1412ae09b496455849026f67ea5f7e18646e941f443f83	0x47d44787355f2af6b622e1855fad9c3e7c4f50609d090a4923b0e1e504c64e6e	0x4	0	0	0	0
0	7	14	0x2e070b90f20a565c8cd03b52629a8834d2874167481e55ed3f85c20594af9352	0x6ff969456613fc96ae5a9feb68310f1820ccf2ea2d58f0d5e2be40013f7a7ec3	0x499fdf9e895e719cfd64e67f07d38e3226aa7b63678949e6e49b241a60e823e4	0xcac2f6c4b54e855190f044e4a7b3d464464279c27a3f95bcc65f40d403a13f5b	0x189da55133543322e421526e21429b68a3f7b769a20ce5c9f14ac669e2332e0f	0xd38a8069c5bb190c6555c6027566580ded585f8fa0304fbc59809dbaf6362047	0x189da55133543322e421526e21429b68a3f7b769a20ce5c9f14ac669e2332e0f	0xd38a8069c5bb190c6555c6027566580ded585f8fa0304fbc59809dbaf6362047	0xe	0	0	0	0
0	8	14	0xb66df9df9d0fb7aed75494f8023cdf15e98766e4a34ffc7995eff6d99ffc5121	0x5a36c0be2bd97403d0e68ce08a839ba708f9cfbb8e1f3d009dcee57bfb955732	0x499fdf9e895e719cfd64e67f07d38e3226aa7b63678949e6e49b241a60e823e4	0xcac2f6c4b54e855190f044e4a7b3d464464279c27a3f95bcc65f40d403a13f5b	0x8a30a1b9531684d7a205d6b95bb94a210934894376db02161c8659a064755508	0x15ece7ac034dfb32e9a234531082c16bf360df964f5a259296c59115707436f	0x8a30a1b9531684d7a205d6b95bb94a210934894376db02161c8659a064755508	0x15ece7ac034dfb32e9a234531082c16bf360df964f5a259296c59115707436f	0xe	0	0	0	0
0	9	3	0xeeab014b8bc9d8826e92078e2f7c613243bde6b56d101845b2bab04737c83b29	0x23df60dcc0722001989465d433ae6f65c339c94fcd74ce8e3f360dfd71a1ca8a	0xf9308a019258c31049344f85f89d5229b531c845836f99b08601f113bce036f9	0x388f7b0f632de8140fe337e62a37f3566500a99934c2231b6cb9fd7584b8e672	0xd1399bf8a028df3abf80202b014d2d785b53f5d5cb80dbec4e13b1539ea7267d	0x3ec720d4e024654a55b36b36864311e294deff2effa2d93f1e4c68ba9e5a7ea1	0xd1399bf8a028df3abf80202b014d2d785b53f5d5cb80dbec4e13b1539ea7267d	0x3ec720d4e024654a55b36b36864311e294deff2effa2d93f1e4c68ba9e5a7ea1	0x3	0	0	0	0
0	10	3	0x27200139f0bd797e01383b558a42895aa35a9b9123ee4860b678055989a9b86e	0x39327baa53a369be47ccae0b452427ed8c6fc91ea105dca2e46178bec139ac99	0xf9308a019258c31049344f85f89d5229b531c845836f99b08601f113bce036f9	0x388f7b0f632de8140fe337e62a37f3566500a99934c2231b6cb9fd7584b8e672	0x3601c3310d3ef1d3991f8852be27092be1468f72b2f5722d91f246c45ee8a6c	0xf14dc5dd543cff170251a909c0a4ea7a13beb2c0452945ebcfac2e7dee339c18	0x3601c3310d3ef1d3991f8852be27092be1468f72b2f5722d91f246c45ee8a6c	0xf14dc5dd543cff170251a909c0a4ea7a13beb2c0452945ebcfac2e7dee339c18	0x3	0	0	0	0
0	11	10	0xea7dd25e78f3033ca4375483ef70e94426cb17ddcc6cc068a87d88d42c7a018d	0x161896bc3ef0cbfa58d1a70bc46e3877f68706baa189051608e04de06e81e9ad	0xa0434d9e47f3c86235477c7b1ae6ae5d3442d49b1943c2b752a68e2a47e247c7	0x893aba425419bc27a3b6c7e693a24c696f794c2ed877a1593cbee53b037368d7	0xfc38acf41025014484d34e4bdbe22d82c441279f6994e6e77e2d583d515449a2	0x6b496af4f9a0947880ecea3956851d84d10b1795b3a0b52d21c31fdc94090ca	0xfc38acf41025014484d34e4bdbe22d82c441279f6994e6e77e2d583d515449a2	0x6b496af4f9a0947880ecea3956851d84d10b1795b3a0b52d21c31fdc94090ca	0xa	0	0	0	0
0	12	1	0x7860a4795b02e458180e34b9c365300a6d70055e0c1bcb1d20c01c243de3df47	0x55c6e8e1678c0b85ac5152aae8f13134273d60e1b57d6be1e302bb4a5bd044bd	0x79be667ef9dcbbac55a06295ce870b07029bfcdb2dce28d959f2815b16f81798	0x483ada7726a3c4655da4fbfc0e1108a8fd17b448a68554199c47d08ffb10d4b8	0x132ea318768471112fb3ae744873d24f345b4600b60a47ba34b61d08ebacfb97	0xe670ff9db1df369baa48016dd2401bc0e9ee13c0236543738712d8b8d5ee6087	0x132ea318768471112fb3ae744873d24f345b4600b60a47ba34b61d08ebacfb97	0xe670ff9db1df369baa48016dd2401bc0e9ee13c0236543738712d8b8d5ee6087	0x1	0	0	0	0
0	13	3	0x23305069fa13a15a22f28d5a80e5212719b57761a5bbf639ffc4be37b156ecca	0xfd0db497aef2b56a7904316234b6e72acf4f11ef4a598f3f8588b178b28323cc	0xf9308a019258c31049344f85f89d5229b531c845836f99b08601f113bce036f9	0x388f7b0f632de8140fe337e62a37f3566500a99934c2231b6cb9fd7584b8e672	0x748edf40b312d2b62db55fb6fed8d176b867734d34030a92d4f2e3085fc2b0d3	0x6ef7ad9d10bc89af817e733140141b1274ec0412240da1abbedb423623efa182	0x748edf40b312d2b62db55fb6fed8d176b867734d34030a92d4f2e3085fc2b0d3	0x6ef7ad9d10bc89af817e733140141b1274ec0412240da1abbedb423623efa182	0x3	0	0	0	0
0	14	6	0x8c9f22edd4a11bc567eceae9e34c16bd010880161a7fdc96c96b878e824047e8	0x9170f1576316d3e38849e4986d734514c55ddd6721d823b13cb700f86beb6cc1	0xfff97bd5755eeea420453a14355235d382f6472f8568a18b2f057a1460297556	0xae12777aacfbb620f3be96017f45c560de80f0f6518fe4a03c870c36b075f297	0xc2b400e329b441822bf212d447bc24b7ae3a94fd5f1778bfbf4a1fa2824725b9	0x1e53d17376a2cee318500cf329734e7d737100e32dd843c294c574c9152d1555	0xc2b400e329b441822bf212d447bc24b7ae3a94fd5f1778bfbf4a1fa2824725b9	0x1e53d17376a2cee318500cf329734e7d737100e32dd843c294c574c9152d1555	0x6	0	0	0	0
0	15	15	0x1e7ca4c12782ea3514a4a5cd0eae55cc304ba52634089f45d780cc5d799575d9	0x1985f336c0f47a5e6b8109b56800fcadeb0dd985392d14bdfd9d85fc92e26a7f	0xd7924d4f7d43ea965a465ae3095ff41131e5946f3c85f79e44adbcf8e27e080e	0x581e2872a86c72a683842ec228cc6defea40af2bd896d3a5c504dc9ff6a26b58	0x20144ffeb8ab92a6e3b177d024b947d84f3ba8476106b194c5a20763417ffb06	0x32739a2e86151a7c3561577df934762f4448b8fda5186c94e7f68e94f16feeb2	0x20144ffeb8ab92a6e3b177d024b947d84f3ba8476106b194c5a20763417ffb06	0x32739a2e86151a7c3561577df934762f4448b8fda5186c94e7f68e94f16feeb2	0xf	0	0	0	0
0	16	11	0xf1fcc82769241f4fd3cb33dca304f8fa5115fdda1f0833ae66c3caba06c9d376	0x2b135a8d1b74265a50aa92c4ec2e00a16f337f320106f597bdd81129283fe6b6	0x774ae7f858a9411e5ef4246b70c65aac5649980be5c17891bbec17895da008cb	0xd984a032eb6b5e190243dd56d7b7b365372db1e2dff9d6a8301d74c9c953c61b	0xcb9bb6dfcc9430e667a511dbfba3de66815d4b1e155f6b0317071c98a4017050	0x4435775a5bdbd71fc3b8bbfa991faab2b8b89e06647f3faee38a0015c8d8d767	0xcb9bb6dfcc9430e667a511dbfba3de66815d4b1e155f6b0317071c98a4017050	0x4435775a5bdbd71fc3b8bbfa991faab2b8b89e06647f3faee38a0015c8d8d767	0xb	0	0	0	0
0	17	10	0x5fa0ffec7f7d6b79f05a3b21de313313e0c1811ff40f78c6b4fa35702b32562	0x8ccad63ee37cb265ef669f01f2a863ea793c203a1ddee4b51d8c1fbe80180acf	0xa0434d9e47f3c86235477c7b1ae6ae5d3442d49b1943c2b752a68e2a47e247c7	0x893aba425419bc27a3b6c7e693a24c696f794c2ed877a1593cbee53b037368d7	0xa032f8864bdab893a5f549615390891b0a604dc230a7e8955ce1cee9d1ad5a2f	0x301514e20aa9dd2d235dfc0fc7fba80b7170587ec9ea44b815fb880890712842	0xa032f8864bdab893a5f549615390891b0a604dc230a7e8955ce1cee9d1ad5a2f	0x301514e20aa9dd2d235dfc0fc7fba80b7170587ec9ea44b815fb880890712842	0xa	0	0	0	0
0	18	1	0x368b590383bb70c19e5eaee2c1040b7429550d5eff666d1f70719d26afdd4510	0x1b072d7d7a677d99ee3fc8b3c2386f8bcb17402502f536f128e2ecacf075d96d	0x79be667ef9dcbbac55a06295ce870b07029bfcdb2dce28d959f2815b16f81798	0x483ada7726a3c4655da4fbfc0e1108a8fd17b448a68554199c47d08ffb10d4b8	0xdf630bae38290478eb8beffeb248c120c06dd47381c3809a468497b7f5f9ca73	0xd7cde51562064f5f5564b1f8ec3b2f0c9d58952ac1d8bdec50cc3ac0a168e114	0xdf630bae38290478eb8beffeb248c120c06dd47381c3809a468497b7f5f9ca73	0xd7cde51562064f5f5564b1f8ec3b2f0c9d58952ac1d8bdec50cc3ac0a168e114	0x1	0	0	0	0
0	19	15	0xc5c22788d51a37e995d5dfce76b5b786c307f0aee30048b3100c6343415d7548	0x5f3b9189a300a8bf2d7f39e4d61bfa684d8b56d3e9bb6d6dd67c216d221a7227	0xd7924d4f7d43ea965a465ae3095ff41131e5946f3c85f79e44adbcf8e27e080e	0x581e2872a86c72a683842ec228cc6defea40af2bd896d3a5c504dc9ff6a26b58	0xb5ce3c25c6f53b29b639a6d640ae4ec4052031f7a5798f73be6cc80abd41cfb6	0x205663434285c383c84ffd76534ec6c3a43eac2ea3155861c7935f05d7547dee	0xb5ce3c25c6f53b29b639a6d640ae4ec4052031f7a5798f73be6cc80abd41cfb6	0x205663434285c383c84ffd76534ec6c3a43eac2ea3155861c7935f05d7547dee	0xf	0	0	0	0
0	20	8	0xca0fe4c783635e55688e9285e73063bcc34b406d22edea94b7a488a534fbfb89	0x50a38d57b27b761b76377ed0d0fdfe47a340c36ab02ec9862e215ae61c83f248	0x2f01e5e15cca351daff3843fb70f3c2f0a1bdd05e5af888a67784ef3e10a2a01	0x5c4da8a741539949293d082a132d13b4c2e213d6ba5b7617b5da2cb76cbde904	0x31056b4840316b6a13bd26acf7e42e24ba546c8acb2f820d675c9723c5f0d241	0xb2713dd4d1f65ddfca481ea056c671cc76241fb1447628467ff342469223d471	0x31056b4840316b6a13bd26acf7e42e24ba546c8acb2f820d675c9723c5f0d241	0xb2713dd4d1f65ddfca481ea056c671cc76241fb1447628467ff342469223d471	0x8	0	0	0	0
0	21	2	0x3f13eba79ce17934af1cbd460e816cd2f579863416e7331c744475fd6785e01e	0x6be7baece59df3e56a16b213164ff40946194df21fb87c7a1f5377b213bfcba4	0xc6047f9441ed7d6d3045406e95c07cd85c778e4b8cef3ca7abac09b95c709ee5	0x1ae168fea63dc339a3c58419466ceaeef7f632653266d0e1236431a950cfe52a	0x175280d5ff077b213d69a97ced3cdfbe56ffeb64ec1b7cbe00e8076c7380c7cc	0x52925e31c583ccdff8b549f2eaadd9f747f25646d78dfa8135cd288fabaa971f	0x175280d5ff077b213d69a97ced3cdfbe56ffeb64ec1b7cbe00e8076c7380c7cc	0x52925e31c583ccdff8b549f2eaadd9f747f25646d78dfa8135cd288fabaa971f	0x2	0	0	0	0
0	22	10	0xe1c6d0c1b591329efacc39df805b9345b14e2823f1f8b050a9450d9cefcefb40	0x990a8adfd1b714c95f7148b865814c7e564394a1b3f87872ef8aa5bf587b754a	0xa0434d9e47f3c86235477c7b1ae6ae5d3442d49b1943c2b752a68e2a47e247c7	0x893aba425419bc27a3b6c7e693a24c696f794c2ed877a1593cbee53b037368d7	0xd758baa88c6a2fe2a62afd9dd2b07f685502c734fae76b5889ab9d96905ed3a5	0x2a8b6bdfbb30b24cd0d6edd99a4a0a6d065e410a574b3ed91a53baef538ddb66	0xd758baa88c6a2fe2a62afd9dd2b07f685502c734fae76b5889ab9d96905ed3a5	0x2a8b6bdfbb30b24cd0d6edd99a4a0a6d065e410a574b3ed91a53baef538ddb66	0xa	0	0	0	0
0	23	5	0x7001aa72a55436e26c7fc0838ef276213353c18ed48b82296d45721aba0855f4	0x483016b42892b3a4be27eb225f07a97161fcec5c20e0387599dd1cacfe36629a	0x2f8bde4d1a07209355b4a7250a5c5128e88b84bddc619ab7cba8d569b240efe4	0xd8ac222636e5e3d6d4dba9dda6c9c426f788271bab0d6840dca87d3aa6ac62d6	0x780dad25472b415a713b3523e2605b3d8ff841b825419d2def91fd77c15ad0f8	0xee33246f7d2091a09b8eeddbe15bf2a2960d352041a591188651f8ac3e838be5	0x780dad25472b415a713b3523e2605b3d8ff841b825419d2def91fd77c15ad0f8	0xee33246f7d2091a09b8eeddbe15bf2a2960d352041a591188651f8ac3e838be5	0x5	0	0	0	0
0	24	7	0x88fcd32bbf32b92af4d33f162de430ed1e9610c8aa08300786675f98c1683cc0	0xeb153dac43d8b8ff24c9c88b39676579b099a597b8c42e7970ae82de44763308	0x5cbdf0646e5db4eaa398f365f2ea7a0e3d419b7e0330e39ce92bddedcac4f9bc	0x6aebca40ba255960a3178d6d861a54dba813d0b813fde7b5a5082628087264da	0xf06bbbf82b61137073b66320b9f1c9fbd03fc0bb2dbedf29623526c7d6dfe411	0xfbecc1971884c93f9a6ab56fcf728383dab8121e03366e4983ebb20ecb604191	0xf06bbbf82b61137073b66320b9f1c9fbd03fc0bb2dbedf29623526c7d6dfe411	0xfbecc1971884c93f9a6ab56fcf728383dab8121e03366e4983ebb20ecb604191	0x7	0	0	0	0
0	25	8	0x5632898d4b0571268952e56a9f6630c875f4b7525d456e64e369565822f0bd49	0x84f16df364d0dfc27c9b1f33f1221acb6b5bd9ac8971c799d78e94215572c561	0x2f01e5e15cca351daff3843fb70f3c2f0a1bdd05e5af888a67784ef3e10a2a01	0x5c4da8a741539949293d082a132d13b4c2e213d6ba5b7617b5da2cb76cbde904	0x3f18827b6e580c0d776429f1198c8d3d91362f9a895125d7b0c951373049337c	0x8162873e49454e1bbba0b6c0c7c2348b7605d511ee00ce74e9987a7dfb434f42	0x3f18827b6e580c0d776429f1198c8d3d91362f9a895125d7b0c951373049337c	0x8162873e49454e1bbba0b6c0c7c2348b7605d511ee00ce74e9987a7dfb434f42	0x8	0	0	0	0
0	26	7	0xe1dae8da3ef86107c8f98910dbb663444d7cacb3e7a2c35b701435f504cc600b	0x3bd9474a1e0a6fa13922d30ca6aa5081d96355682c702be319175b25bb544450	0x5cbdf0646e5db4eaa398f365f2ea7a0e3d419b7e0330e39ce92bddedcac4f9bc	0x6aebca40ba255960a3178d6d861a54dba813d0b813fde7b5a5082628087264da	0x64e28cee3875b73f8bd2f88a33f8674162e1cc9d2b07dc25f959dd1ce2878b77	0x3a3270ece8443c5e228997f676c459e98833a386e6014c975b2776dca8ad5c92	0x64e28cee3875b73f8bd2f88a33f8674162e1cc9d2b07dc25f959dd1ce2878b77	0x3a3270ece8443c5e228997f676c459e98833a386e6014c975b2776dca8ad5c92	0x7	0	0	0	0
0	27	0	0x96da2e3ab6344c08ca3d6f66c11208ddaeb18cbed32662b89c16118052d5dcb2	0x4ae1325bb81e460cf1601436b41d90534029481cadf9391b2b0d1c9b9a06bbbe	0x0	0x0	0x96da2e3ab6344c08ca3d6f66c11208ddaeb18cbed32662b89c16118052d5dcb2	0x4ae1325bb81e460cf1601436b41d90534029481cadf9391b2b0d1c9b9a06bbbe	0x89a548f200685f3d657f6b9fcd67d3e38f6dcc16b60c88e189c717317ceb5fba	0x23054d6c1c5f9772e90b8fe58cad9c7626e270c2bf2c1945b41c50acb55a9197	0x0	1	0	0	1
0	28	13	0xecd78c83bd23bf2085d85445c16b6e58c62c153b69e9703df99e7359f35d4414	0xdeb3d6c94a6432b6d8cfbd31af780c2fa38f761baea62062e63288e0c35c84cf	0xf28773c2d975288bc7d1d205c3748651b075fbc6610e58cddeeddf8f19405aa8	0xab0902e8d880a89758212eb65cdaf473a1a06da521fa91f29b5cb52db03ed81	0xc52cbb4be2d0a59a4b40b30b5081db3bda3c75491a48e129bf6b556d5a1d27fb	0xe36e38c8c3e00b1cc350fda54436f9c069ffed51dc66259901befcfcb6ac9451	0xc52cbb4be2d0a59a4b40b30b5081db3bda3c75491a48e129bf6b556d5a1d27fb	0xe36e38c8c3e00b1cc350fda54436f9c069ffed51dc66259901befcfcb6ac9451	0xd	0	0	0	0
0	29	11	0x46b42323c0a6642145af820dde073f272076bfc248aa964e49a7b23978378c99	0x7227e71b58ef1d87b2f3a6f029348dac59c28310adb945d7fcce02ae5daf3452	0x774ae7f858a9411e5ef4246b70c65aac5649980be5c17891bbec17895da008cb	0xd984a032eb6b5e190243dd56d7b7b365372db1e2dff9d6a8301d74c9c953c61b	0x85e71dfe7d7d0b9cb476dc41d7303543f4c460e9477798d1debb122973f165d2	0x99d30b0c08c099d1207f20b6923c74f38ffe728e13d37dc70d1f57ef07f3481a	0x85e71dfe7d7d0b9cb476dc41d7303543f4c460e9477798d1debb122973f165d2	0x99d30b0c08c099d1207f20b6923c74f38ffe728e13d37dc70d1f57ef07f3481a	0xb	0	0	0	0
0	30	0	0xd23dd364588db7baf48b802d7cd42b7df543c46ce23a1b23cc565f90bc89aae2	0xa1a3c518120a5705ae3da8f87fc46937285017c9442c076b3d77276b7c59be62	0x0	0x0	0xd23dd364588db7baf48b802d7cd42b7df543c46ce23a1b23cc565f90bc89aae2	0xa1a3c518120a5705ae3da8f87fc46937285017c9442c076b3d77276b7c59be62	0xaa7d5269df89304aa31dafa311835930a24e11c2d861bc88c76652d9a0ad6b5f	0x9c47203638e2d1186be4c5e6618e6c9753a5e01df6716fdf1051ef9be7510d23	0x0	1	0	0	1
0	31	8	0xe94950fa72f6ac8be549f85c4869fed19aae0f5081a15a0d343464313a3c45f1	0x5a7f84d558d39a8556177bbff31175882d190390c459c8a210d6f77f38969e7	0x2f01e5e15cca351daff3843fb70f3c2f0a1bdd05e5af888a67784ef3e10a2a01	0x5c4da8a741539949293d082a132d13b4c2e213d6ba5b7617b5da2cb76cbde904	0xe1074d0ffe8ed9e3bd92d5939520fd6dafa1e94b61571e54d7818d896f8297bf	0xa9666d2eef7c24eec3bffe28d92dcedc767671481ebc7fb1e99d23330f4c8bef	0xe1074d0ffe8ed9e3bd92d5939520fd6dafa1e94b61571e54d7818d896f8297bf	0xa9666d2eef7c24eec3bffe28d92dcedc767671481ebc7fb1e99d23330f4c8bef	0x8	0	0	0	0
0	32	1	0x9292312a9b6371c6f1c014884f0f12af8d604da622ebecb8b50018ffc4e24e6	0x60b1cf4826145f282303688df87fb2bf2101987e023e57a04e0a47dbc2006b1c	0x79be667ef9dcbbac55a06295ce870b07029bfcdb2dce28d959f2815b16f81798	0x483ada7726a3c4655da4fbfc0e1108a8fd17b448a68554199c47d08ffb10d4b8	0x2f42eaf8e6dd7bddbc99d4b75c750a0d5dcb3e5ff24ee84c496baa61b26bad7a	0x5f0ed42098b5d42f490c4bd08fede3100bdc5c64439fae91983126692b90e481	0x2f42eaf8e6dd7bddbc99d4b75c750a0d5dcb3e5ff24ee84c496baa61b26bad7a	0x5f0ed42098b5d42f490c4bd08fede3100bdc5c64439fae91983126692b90e481	0x1	0	0	0	0
0	33	0	0xdd1b48d22a1487a53ffcabe9aa26b6dc1b642887cfb6b6f4fe21710b0686cf9f	0x7ddbad6f3d04245edb1ebef7a6acc39122843a7202a5be824947d7aeafe1103e	0x0	0x0	0xdd1b48d22a1487a53ffcabe9aa26b6dc1b642887cfb6b6f4fe21710b0686cf9f	0x7ddbad6f3d04245edb1ebef7a6acc39122843a7202a5be824947d7aeafe1103e	0x4040e8e4b58246fd3dd338eda50b8212ff4fbcc335365f503eac4a5d0d812957	0x4fcc1875577d18a3ed68db705253b2930d43e8cd573848dd025bf96c0749b867	0x0	1	0	0	1
0	34	6	0xddc8c3231a38fa9f6e6fabf5c411592807d48a674e9cef9d88bd1814c1a7c16d	0xbca08f2e05f099e7f2c2712a7b1402e2fd8a13329d11a4d586336593a613e261	0xfff97bd5755eeea420453a14355235d382f6472f8568a18b2f057a1460297556	0xae12777aacfbb620f3be96017f45c560de80f0f6518fe4a03c870c36b075f297	0x34523e09b42c115b9293c4ff594d2bdf57db35b8923fe41b2d5f6208fa49c54b	0x2256a48e7525d50446cc2379bf65a4e5af0866d1296f5a4879fb49634a5559e4	0x34523e09b42c115b9293c4ff594d2bdf57db35b8923fe41b2d5f6208fa49c54b	0x2256a48e7525d50446cc2379bf65a4e5af0866d1296f5a4879fb49634a5559e4	0x6	0	0	0	0
0	35	15	0xe90c6dcc42c4a64f17485dd07556ce2b71b9241d0eab8524a77fb754cff94c87	0x570cb6f38e720693ff60ede066b6e2c9dd07cbfe9ebb8bfcd3c3c3341d4a8d4d	0xd7924d4f7d43ea965a465ae3095ff41131e5946f3c85f79e44adbcf8e27e080e	0x581e2872a86c72a683842ec228cc6defea40af2bd896d3a5c504dc9ff6a26b58	0x53d09699ed6a8b10bec69b37e05fcf59911437889725370fd44669443bd467fe	0x4942d04bee0a8da25b09160653fd19c08c0153532d293e73f846baa036dc767f	0x53d09699ed6a8b10bec69b37e05fcf59911437889725370fd44669443bd467fe	0x4942d04bee0a8da25b09160653fd19c08c0153532d293e73f846baa036dc767f	0xf	0	0	0	0
0	36	7	0x935474de4526f0c4f30c8dd23565046fa1e9f323383de7ba84ffd53fd0d4d85d	0x5d1ef2963c1451f4359e5c42e35ff1a63aca69fb801bb1a7b9afc2c07e600042	0x5cbdf0646e5db4eaa398f365f2ea7a0e3d419b7e0330e39ce92bddedcac4f9bc	0x6aebca40ba255960a3178d6d861a54dba813d0b813fde7b5a5082628087264da	0xc3e27bf88e464f6399cb999a8cd3efc0a55aaad384df201e147817ace74a9b6f	0xfbf0f799bd74ef4e177c9341eed4ad47e8920518d57990b719a36459caf1e880	0xc3e27bf88e464f6399cb999a8cd3efc0a55aaad384df201e147817ace74a9b6f	0xfbf0f799bd74ef4e177c9341eed4ad47e8920518d57990b719a36459caf1e880	0x7	0	0	0	0
0	37	0	0x85bd77900a3a5f9397280b7b3bb87bb9fac14b8f1bd3683320f5732403b57485	0x240fdd3ba634d3fc198804147ab4917e9450c165fa33f0957639d3d5836cd0a7	0x0	0x0	0x85bd77900a3a5f9397280b7b3bb87bb9fac14b8f1bd3683320f5732403b57485	0x240fdd3ba634d3fc198804147ab4917e9450c165fa33f0957639d3d5836cd0a7	0x1ca8c5f8ad246086b8c918265e5ee0fde98a43a990d7e0ed69614c099a569b87	0x30e0c76e542dc1e3d107ed4dda6fe4303cca9a0940dfd20c1454a929f7e829b4	0x0	1	0	0	1
0	38	14	0x85973083c95e47d5fe3c7325faebfc3bf96aec8d743fa434686d706794de479b	0xe352027b60e8fca73f1ee5608669bead69407b594ed33c0355c294132d66548c	0x499fdf9e895e719cfd64e67f07d38e3226aa7b63678949e6e49b241a60e823e4	0xcac2f6c4b54e855190f044e4a7b3d464464279c27a3f95bcc65f40d403a13f5b	0x24b983f117576dbdc5429a1d3c288fc66b427bf7d6ddd9c3c4f81cc3e75cbb7c	0xa1239497a35efc7c65372d489f5cd868d8aa6c52a038f36c75f88af127633be7	0x24b983f117576dbdc5429a1d3c288fc66b427bf7d6ddd9c3c4f81cc3e75cbb7c	0xa1239497a35efc7c65372d489f5cd868d8aa6c52a038f36c75f88af127633be7	0xe	0	0	0	0
0	39	10	0x7ddd689346d08f67d51adc334b6ad06c27961789ead526e89ba37482d2bbcc35	0xb18f8b20ba3ed843a067af7b37d96a4145ca00b89f03f702333d266491a6eb4f	0xa0434d9e47f3c86235477c7b1ae6ae5d3442d49b1943c2b752a68e2a47e247c7	0x893aba425419bc27a3b6c7e693a24c696f794c2ed877a1593cbee53b037368d7	0xbf7cbbda7fa85b7a956088fa80450c6dfce5887a0d18e61cd7d0eac05340cf8a	0xfb56e4bc2d4629a40f373c751c7154c6cc3aec8904b23bfbacc0aa7a431977e2	0xbf7cbbda7fa85b7a956088fa80450c6dfce5887a0d18e61cd7d0eac05340cf8a	0xfb56e4bc2d4629a40f373c751c7154c6cc3aec8904b23bfbacc0aa7a431977e2	0xa	0	0	0	0
0	40	5	0xe5688485d4d0fd6df10c1ed522f7358f67742b2a548e858abb417dbc1a3d16a6	0x4a0be93eec2ce16092bae754d9a696ad2d545d394012f57c342f3a2f5565962f	0x2f8bde4d1a07209355b4a7250a5c5128e88b84bddc619ab7cba8d569b240efe4	0xd8ac222636e5e3d6d4dba9dda6c9c426f788271bab0d6840dca87d3aa6ac62d6	0xa57c04ff769ad572a8b276d4ce4bf90e83f3c1bb2deb735bf89f9004b4ac4ae3	0xe58b5c53ed0135d9a07e5ef790b460ff56e4b49d2054b4bb84a6e2a5ee5436ef	0xa57c04ff769ad572a8b276d4ce4bf90e83f3c1bb2deb735bf89f9004b4ac4ae3	0xe58b5c53ed0135d9a07e5ef790b460ff56e4b49d2054b4bb84a6e2a5ee5436ef	0x5	0	0	0	0
0	41	12	0xa51ca14454e0b76e2c06b926a76fae3a10f043c3788d2e4a8ebf331dab57cee4	0xac36f7efa71413c25e133ff08f95018f8643f5f15b44954a1516d91be26a17cd	0xd01115d548e7561b15c38f004d734633687cf4419620095bc5b0f47070afe85a	0xa9f34ffdc815e0d7a8b64537e17bd81579238c5dd9a86d526b051b13f4062327	0x426090410972762064290ea9340341955de910a7a1a8f7121e013812bac888c7	0x558c1b41b9756b1e2e314a53cae4beaf8c4565af2470ad0bbfc46f49f8411dce	0x426090410972762064290ea9340341955de910a7a1a8f7121e013812bac888c7	0x558c1b41b9756b1e2e314a53cae4beaf8c4565af2470ad0bbfc46f49f8411dce	0xc	0	0	0	0
0	42	2	0x3ce7bf3ac2092fcfc7f93f20fa628404bb506aa81c36e108e6b10a31ecda625	0x558b511d63e21ef25aa6582f3c87b076b5e2ffdc215dc68b36ff714f93629439	0xc6047f9441ed7d6d3045406e95c07cd85c778e4b8cef3ca7abac09b95c709ee5	0x1ae168fea63dc339a3c58419466ceaeef7f632653266d0e1236431a950cfe52a	0x5271bec121f2f6487fdd2d5bac3202ce70f33dbaef4cbc6e9be8ba835de98c2a	0xfeb4ce5b4ddac02e6db7b8b32001ced55c142aebdbd19b5618fee29143af4f3f	0x5271bec121f2f6487fdd2d5bac3202ce70f33dbaef4cbc6e9be8ba835de98c2a	0xfeb4ce5b4ddac02e6db7b8b32001ced55c142aebdbd19b5618fee29143af4f3f	0x2	0	0	0	0
0	43	15	0x9e7d988fb9e573d66ffbb8e2d69744b816b364fff870838ab0a3b2cc67e88f5c	0x486a16fb814a9d4f643135bba76ecdf2457a5263bb5ce3f215cce0e836fa7ad	0xd7924d4f7d43ea965a465ae3095ff41131e5946f3c85f79e44adbcf8e27e080e	0x581e2872a86c72a683842ec228cc6defea40af2bd896d3a5c504dc9ff6a26b58	0xb6b6f28f7e882d696a7526f469d219a2684a82e8db62a8e26371ab92737bd0f	0xcba88a04ebea3ded16d2744db3a92431e082309200a0fce1c86ff227b001cea1	0xb6b6f28f7e882d696a7526f469d219a2684a82e8db62a8e26371ab92737bd0f	0xcba88a04ebea3ded16d2744db3a92431e082309200a0fce1c86ff227b001cea1	0xf	0	0	0	0
0	44	15	0xcaad4e6ec4d1ffead86895f4601494cc2c9142c2fda9bc5bc242aa951809dc31	0x529b3f0d437f0f4a8016c8738002d646ea027ed7f8814775ffb8305661c8b458	0xd7924d4f7d43ea965a465ae3095ff41131e5946f3c85f79e44adbcf8e27e080e	0x581e2872a86c72a683842ec228cc6defea40af2bd896d3a5c504dc9ff6a26b58	0x9b54461671324e81f992da22f245e65e12ab2fd13e1be9cbe31476c86e1e6710	0x2f093b24f7c113e5f6fed8c67e2f8e0e53abf0bd82f044b3f2f99e133c650af4	0x9b54461671324e81f992da22f245e65e12ab2fd13e1be9cbe31476c86e1e6710	0x2f093b24f7c113e5f6fed8c67e2f8e0e53abf0bd82f044b3f2f99e133c650af4	0xf	0	0	0	0
0	45	3	0x8c294798f4b3737b3d8fd0d4b7cd2b49662e7ab560abd1a7d6315f419c045f30	0x8fa074f806a7a8751a3fbee02cbcce80800cd9bbf07b586371d7d1f4a5debd2a	0xf9308a019258c31049344f85f89d5229b531c845836f99b08601f113bce036f9	0x388f7b0f632de8140fe337e62a37f3566500a99934c2231b6cb9fd7584b8e672	0xdbd93576184756d1635f81de1a2f981c1543e4ce4c766a45f62b0e101d3606a	0x9402aac1d7df64169488bf88796c09cbe8eaf13fb9c20ce0ab8e0943c3e99ff7	0xdbd93576184756d1635f81de1a2f981c1543e4ce4c766a45f62b0e101d3606a	0x9402aac1d7df64169488bf88796c09cbe8eaf13fb9c20ce0ab8e0943c3e99ff7	0x3	0	0	0	0
0	46	12	0xb8b83062a60ccec1ee4018fcce6134241759c7db1b79ef2141140dd6fc63293d	0xd2f94317a052527a642569db9801811ab6fb10d2a5541b425ea2f540d4668f4	0xd01115d548e7561b15c38f004d734633687cf4419620095bc5b0f47070afe85a	0xa9f34ffdc815e0d7a8b64537e17bd81579238c5dd9a86d526b051b13f4062327	0x2a223fbc206337f004765779ab710701002c74abb7cd6a7b63684fa049b704e0	0xcff5aa0e6b1dcb63fd43de7419137a5b7643875b820cd6546a4e907fcd772900	0x2a223fbc206337f004765779ab710701002c74abb7cd6a7b63684fa049b704e0	0xcff5aa0e6b1dcb63fd43de7419137a5b7643875b820cd6546a4e907fcd772900	0xc	0	0	0	0
0	47	10	0x29f8348c14786ae354768a08d641b6d08ad51dd7cbeb18260cd6ba39ef1caf32	0x3913c230aa8c9cd7b3dcc575ad80c572d3d3d8b59b91ed529e5bb252a0abbc6e	0xa0434d9e47f3c86235477c7b1ae6ae5d3442d49b1943c2b752a68e2a47e247c7	0x893aba425419bc27a3b6c7e693a24c696f794c2ed877a1593cbee53b037368d7	0xad9f59f7f7000468ea571385e51910b08421525697aae28e8a615944cd2d4554	0xaa1a191e00d7d7ac72ea0c5460b5f111f90505799ea9a384caf0133f4883b62	0xad9f59f7f7000468ea571385e51910b08421525697aae28e8a615944cd2d4554	0xaa1a191e00d7d7ac72ea0c5460b5f111f90505799ea9a384caf0133f4883b62	0xa	0	0	0	0
0	48	12	0x2ce525d53bce6e023d2f1018f55536fc494c6873ed59b07ad09d3b28c7304ba4	0x98b94b1ccb5476a66fb8e9bc47e0ce3efa03e2a73c1f8ff98269c5698022d1e3	0xd01115d548e7561b15c38f004d734633687cf4419620095bc5b0f47070afe85a	0xa9f34ffdc815e0d7a8b64537e17bd81579238c5dd9a86d526b051b13f4062327	0x6d02102b3580e0e691fbf856e6b62b05895dd6a649b63972c4bc37db4984e2d8	0x719db94613706fb77e7cceb01a6a59c9809bb40a1f92f0387efba8e282b4ad14	0x6d02102b3580e0e691fbf856e6b62b05895dd6a649b63972c4bc37db4984e2d8	0x719db94613706fb77e7cceb01a6a59c9809bb40a1f92f0387efba8e282b4ad14	0xc	0	0	0	0
0	49	8	0x75e734007c28275e667cddd1625ea7b069af593f8b2f6deac04d36097658da08	0x788d79c19b9a54f460ce149a69fc4930121a4dc0349078a8a75955ee57adf818	0x2f01e5e15cca351daff3843fb70f3c2f0a1bdd05e5af888a67784ef3e10a2a01	0x5c4da8a741539949293d082a132d13b4c2e213d6ba5b7617b5da2cb76cbde904	0x1a7bdcf62ee8270726236d5675bbde8f893f13c8c13b6bec8cbd4d1316e088d1	0x31036f5c4a6e213bc8ea38a56e7109ed8173aff498942f2e261706e33c7e02b0	0x1a7bdcf62ee8270726236d5675bbde8f893f13c8c13b6bec8cbd4d1316e088d1	0x31036f5c4a6e213bc8ea38a56e7109ed8173aff498942f2e261706e33c7e02b0	0x8	0	0	0	0
0	50	11	0x361347b7b4f83984d02b028d062e09d42a6f62f7df61116ecb92c327766c6614	0xc3f1a3bdb0c55a03aaca9af06d19c438353102ce77505f7baa6422f8862a2f42	0x774ae7f858a9411e5ef4246b70c65aac5649980be5c17891bbec17895da008cb	0xd984a032eb6b5e190243dd56d7b7b365372db1e2dff9d6a8301d74c9c953c61b	0x65ab87550b987841ae3199f301521c56ad162962f837ef324f5645e5f2c90b21	0x17e5f75d45af8624cc511dbe82d2671fee3a7b0ecb32cea6782b742b755f7200	0x65ab87550b987841ae3199f301521c56ad162962f837ef324f5645e5f2c90b21	0x17e5f75d45af8624cc511dbe82d2671fee3a7b0ecb32cea6782b742b755f7200	0xb	0	0	0	0
0	51	6	0xf8f371f03fb9376b3a34a0370c4bfde4bc5fe86997d37575cc3b59513f85fce1	0xb28a9561eec9d06923c68bca8ed95080f1d85adf9779211c1a31a49911e6447c	0xfff97bd5755eeea420453a14355235d382f6472f8568a18b2f057a1460297556	0xae12777aacfbb620f3be96017f45c560de80f0f6518fe4a03c870c36b075f297	0x354f5e6e19377cc0e5983f149ff74df3b4f133ca83ca6c946fdf3b2d4e926b02	0x3d079588aa6fa2f8beba9636b4dce56bf39ecc30b3f9666fca950bcd10ccf558	0x354f5e6e19377cc0e5983f149ff74df3b4f133ca83ca6c946fdf3b2d4e926b02	0x3d079588aa6fa2f8beba9636b4dce56bf39ecc30b3f9666fca950bcd10ccf558	0x6	0	0	0	0
0	52	8	0x196d52f3187711e910acfde23f885ebd572fe1d16ee0ee9b062e965402ace047	0x9162f43b457de2f7874e395fae06138c967c74d0cd521643d05590eee10634ff	0x2f01e5e15cca351daff3843fb70f3c2f0a1bdd05e5af888a67784ef3e10a2a01	0x5c4da8a741539949293d082a132d13b4c2e213d6ba5b7617b5da2cb76cbde904	0x18f89ae1c436967e600e8bcd571677c2fa6dfcf8e092ed9e83c24d2431a5eb96	0xa1694378182fe54dd3d7cd361007bedf2541874da72187826ab658c3195de080	0x18f89ae1c436967e600e8bcd571677c2fa6dfcf8e092ed9e83c24d2431a5eb96	0xa1694378182fe54dd3d7cd361007bedf2541874da72187826ab658c3195de080	0x8	0	0	0	0
0	53	6	0xbea3ff195d6efdb1a6708e6d81bf2df32e54d33c89d5f01f6afccb390ad77d62	0xe5d373684f0c91b70d643e59a93d29056d42915cccbd0de09bf3fbe64a0ad21	0xfff97bd5755eeea420453a14355235d382f6472f8568a18b2f057a1460297556	0xae12777aacfbb620f3be96017f45c560de80f0f6518fe4a03c870c36b075f297	0xf6cbe36723df257ab8b1e6a6ea81bfeebb0a08423a5996acd54f42c396b3d0f4	0xdf34b05233f052b3234c7afde40492324f4210b6d78806159f25614da1fe846a	0xf6cbe36723df257ab8b1e6a6ea81bfeebb0a08423a5996acd54f42c396b3d0f4	0xdf34b05233f052b3234c7afde40492324f4210b6d78806159f25614da1fe846a	0x6	0	0	0	0
0	54	14	0xb7be5d24841a194f698d5be8310fa88b850c2279d18e85929c3fa34d90976877	0x590493dae2593a7a0b3b1d621d50947f0fa0f21c9902bbba3bd6e906db978031	0x499fdf9e895e719cfd64e67f07d38e3226aa7b63678949e6e49b241a60e823e4	0xcac2f6c4b54e855190f044e4a7b3d464464279c27a3f95bcc65f40d403a13f5b	0xa2f61c6043fbeb1b1dbe688aa18671809cdbdce9de4e052a65856e3078d75850	0x2cdf31181ace9c7ae62a235831a72b7e67e9341b1ecbe2a4e7152cb460c150d	0xa2f61c6043fbeb1b1dbe688aa18671809cdbdce9de4e052a65856e3078d75850	0x2cdf31181ace9c7ae62a235831a72b7e67e9341b1ecbe2a4e7152cb460c150d	0xe	0	0	0	0
0	55	0	0xe7ffe943fd6db7f1760b0b6fed46c9fee4140f4004ef5ad832d12e9d1ab2fcbd	0x37b6ec1b20032209a0dc723ca094675a0df4ac0870850c9b6baec8668c9e3bf	0x0	0x0	0xe7ffe943fd6db7f1760b0b6fed46c9fee4140f4004ef5ad832d12e9d1ab2fcbd	0x37b6ec1b20032209a0dc723ca094675a0df4ac0870850c9b6baec8668c9e3bf	0x192b81ce463faa8236663e765455ff6642ea25902bac295352039c44054c93e6	0xc0929b16fe1606043e43c7647e3f64ed88e3492acb22b5b1d389f31ba0cef0a1	0x0	1	0	0	1
0	56	3	0xa1f0bf584ddbc884e61540fd1dd20caae9e9d0d766a3ba5b61e5648d1ee80b42	0xdfee65646c24b2e1d59759246ab81cb462f4159d9a936867283621b35bee441f	0xf9308a019258c31049344f85f89d5229b531c845836f99b08601f113bce036f9	0x388f7b0f632de8140fe337e62a37f3566500a99934c2231b6cb9fd7584b8e672	0x9c3e1288e6c229bc82a23267ef962b1d467dea2a3a45648843044616a1a864c8	0x471e5d1a1814b92a16a51f25124744acca95764b67f4ff113fe9c7312546d7f3	0x9c3e1288e6c229bc82a23267ef962b1d467dea2a3a45648843044616a1a864c8	0x471e5d1a1814b92a16a51f25124744acca95764b67f4ff113fe9c7312546d7f3	0x3	0	0	0	0
0	57	9	0x7749a9830e799028ae0f85024d6bd302d921ce36145389766512a1a543ecec8d	0x7caa1dca67f37362fcdf09a534a130d18067f81c8ecac940a526639b8fdd03ca	0xacd484e2f0c7f65309ad178a9f559abde09796974c57e714c35f110dfc27ccbe	0xcc338921b0a7d9fd64380971763b61e9add888a4375f8e0f05cc262ac64f9c37	0x3425f1e11d1ed671d44df38e96295abfd3d6e479d40191d0843f14dad26ab252	0x67d968dad653184aaa0ae3e81a2570ea090af77711669147c2c211f38a8e300e	0x3425f1e11d1ed671d44df38e96295abfd3d6e479d40191d0843f14dad26ab252	0x67d968dad653184aaa0ae3e81a2570ea090af77711669147c2c211f38a8e300e	0x9	0	0	0	0
0	58	6	0xc8e982aa26cc39a1c854c92b575eaa555e31b94c24468ae81af5afeb2fdec821	0x70bb4b0b0d86f8ea1c31d1add96af22b79bda3ea28ec338c6882a445ae54a87c	0xfff97bd5755eeea420453a14355235d382f6472f8568a18b2f057a1460297556	0xae12777aacfbb620f3be96017f45c560de80f0f6518fe4a03c870c36b075f297	0x50ba5c7eed696b0cb36b77dd0a8e7062c265147bfffe495d02971523786e0909	0xca6fef3540879b9f32a1ac121dbfcb36ed06235f1ff27c2aa235e7b56cafff46	0x50ba5c7eed696b0cb36b77dd0a8e7062c265147bfffe495d02971523786e0909	0xca6fef3540879b9f32a1ac121dbfcb36ed06235f1ff27c2aa235e7b56cafff46	0x6	0	0	0	0
0	59	10	0xdcce13dfa3a1204b2083773d71c166a059ffaf638f4cc6acea21078f11a25efd	0xfc4075674648657c75d1555bdf08bc8fb75ea6ec90da55ef1a8861f099b5f1ff	0xa0434d9e47f3c86235477c7b1ae6ae5d3442d49b1943c2b752a68e2a47e247c7	0x893aba425419bc27a3b6c7e693a24c696f794c2ed877a1593cbee53b037368d7	0x5f680b18a09354fd802ef9448cdc16ceb3a0ce465f8d4cc4c5bb4606dc379aa7	0x509aba899d0cc527be834be2078add723c707c907b9e8f4a5612251e5fccf359	0x5f680b18a09354fd802ef9448cdc16ceb3a0ce465f8d4cc4c5bb4606dc379aa7	0x509aba899d0cc527be834be2078add723c707c907b9e8f4a5612251e5fccf359	0xa	0	0	0	0
0	60	14	0x49218f40c5b9a64c4e243522ef9bd8d4029702408258b9943f04a1b66c915a9	0x5ac186671e55a153b858d1b5f4dc488548094757cd732fb43711c21fcc557622	0x499fdf9e895e719cfd64e67f07d38e3226aa7b63678949e6e49b241a60e823e4	0xcac2f6c4b54e855190f044e4a7b3d464464279c27a3f95bcc65f40d403a13f5b	0xc6fa90be894e878e297b629d758275a65ce1e49385869d3934c44e8e11d5a3ec	0xab027abd8f36bbf8702bd3f4c725e0e729872c366da5ccde8cc62df878ee7627	0xc6fa90be894e878e297b629d758275a65ce1e49385869d3934c44e8e11d5a3ec	0xab027abd8f36bbf8702bd3f4c725e0e729872c366da5ccde8cc62df878ee7627	0xe	0	0	0	0
0	61	15	0x43f0f555b7ee44ff944c103d25e685185383786cf571dcba9deba8c022d5056a	0xc855c2f7ea6e0044bfe8372775a2621abfc214f70ead64d350e55448831518f	0xd7924d4f7d43ea965a465ae3095ff41131e5946f3c85f79e44adbcf8e27e080e	0x581e2872a86c72a683842ec228cc6defea40af2bd896d3a5c504dc9ff6a26b58	0xeb70ce1ef26b5d849245f0df9ba06d4d103125af7cea5beda08d89c681edf035	0xfd8194e474bb3dceb18913a6c6bd72ebeb752bf1a67050955319cf0daebdc23	0xeb70ce1ef26b5d849245f0df9ba06d4d103125af7cea5beda08d89c681edf035	0xfd8194e474bb3dceb18913a6c6bd72ebeb752bf1a67050955319cf0daebdc23	0xf	0	0	0	0
0	62	6	0xa82efafc4af2652b2d406c86d3e398d54b51bbfca645bd1b55634b4b939cfc79	0x454c22245ac4a4148eb0980487efee2689f0ecd4d9e4164e9b8c9b7dcc307f28	0xfff97bd5755eeea420453a14355235d382f6472f8568a18b2f057a1460297556	0xae12777aacfbb620f3be96017f45c560de80f0f6518fe4a03c870c36b075f297	0x176f2a31f0a5050ca19412877ab9cfaa7f47929491933cc6d1d9e3f297cf1199	0x9215123692e257f9ca8992dbc87b977232e8e5e2858f89cb8c09da6c29736c1f	0x176f2a31f0a5050ca19412877ab9cfaa7f47929491933cc6d1d9e3f297cf1199	0x9215123692e257f9ca8992dbc87b977232e8e5e2858f89cb8c09da6c29736c1f	0x6	0	0	0	0
0	63	14	0x2bd7ca1e86af259650d768baede41ccadb0684f83caba6e469c686a6350f216	0x21c5332d7a4fde7dab8a6b35e256b6041f48554247b0409ca60186c5eb422f01	0x499fdf9e895e719cfd64e67f07d38e3226aa7b63678949e6e49b241a60e823e4	0xcac2f6c4b54e855190f044e4a7b3d464464279c27a3f95bcc65f40d403a13f5b	0x58ac4d66e28ea5dbe45a25d2b37f01699a7c49f9926adf09e538d5feac9d9415	0x17e4d3b529ba7a11195b24a5d52afb5ebbfd8977f199acd822a11dfb47398518	0x58ac4d66e28ea5dbe45a25d2b37f01699a7c49f9926adf09e538d5feac9d9415	0x17e4d3b529ba7a11195b24a5d52afb5ebbfd8977f199acd822a11dfb47398518	0xe	0	0	0	0
