batch	shots	toffoli	clifford	classical_failures	phase_failure_shots	ancilla_failure_shots	any_failure_shots	phase_garbage_batches	ancilla_garbage_batches	inputs_end_offset
0	64	72169066	4790283788	0	0	0	0	0	0	36084
3	64	72167210	4791519467	0	0	0	0	0	0	72049
1	64	72165260	4781516033	0	0	0	0	0	0	108002
7	64	72157328	4787746010	0	0	0	0	0	0	143985
2	64	72164183	4779881946	0	0	0	0	0	0	179969
5	64	72157346	4784750316	0	0	0	0	0	0	215947
6	64	72169777	4785734942	0	0	0	0	0	0	251939
4	64	72162935	4775073456	0	0	0	0	0	0	287922
10	64	72163794	4776702810	0	0	0	0	0	0	323982
14	64	72175741	4782811241	0	0	0	0	0	0	360024
15	64	72167443	4781831826	0	0	0	0	0	0	396084
8	64	72170423	4786639375	0	0	0	0	0	0	432072
12	64	72167092	4784173685	0	0	0	0	0	0	468110
11	64	72151317	4783272671	0	0	0	0	0	0	504160
13	64	72161668	4785099176	0	0	0	0	0	0	540222
9	64	72165059	4788521000	0	0	0	0	0	0	576207
23	64	72167374	4786692107	0	0	0	0	0	0	612324
19	64	72156011	4785123633	0	0	0	0	0	0	648431
21	64	72162523	4786559866	0	0	0	0	0	0	684527
17	64	72162576	4783532949	0	0	0	0	0	0	720656
18	64	72155443	4782593259	0	0	0	0	0	0	756769
16	64	72163110	4782675402	0	0	0	0	0	0	792872
22	64	72161484	4791653424	0	0	0	0	0	0	828994
20	64	72170968	4781464702	0	0	0	0	0	0	865115
27	64	72163181	4792496126	0	0	0	0	0	0	901230
29	64	72151008	4778728626	0	0	0	0	0	0	937344
28	64	72152066	4789765559	0	0	0	0	0	0	973458
25	64	72163400	4780822470	0	0	0	0	0	0	1009566
30	64	72161970	4782557140	0	0	0	0	0	0	1045681
24	64	72160968	4774630404	0	0	0	0	0	0	1081780
26	64	72163031	4781715971	0	0	0	0	0	0	1117893
31	64	72164942	4786266657	1	0	0	1	0	0	1153981
33	64	72163118	4788918449	0	0	0	0	0	0	1190103
37	64	72164021	4783405718	0	0	0	0	0	0	1226213
38	64	72158091	4791534548	0	0	0	0	0	0	1262320
39	64	72153211	4786435723	0	0	0	0	0	0	1298432
36	64	72165606	4784975761	0	0	0	0	0	0	1334540
32	64	72186789	4781694327	0	0	0	0	0	0	1370651
34	64	72155349	4779321611	0	0	0	0	0	0	1406764
35	64	72158048	4788294943	0	0	0	0	0	0	1442884
42	64	72143509	4783765291	0	0	0	0	0	0	1478996
45	64	72161813	4785574210	0	0	0	0	0	0	1515092
46	64	72152249	4789433023	0	0	0	0	0	0	1551213
47	64	72149158	4783578942	0	0	0	0	0	0	1587340
44	64	72169022	4781714327	0	0	0	0	0	0	1623471
43	64	72158979	4776326965	0	0	0	0	0	0	1659598
41	64	72163167	4778314702	0	0	0	0	0	0	1695702
40	64	72158231	4783493154	0	0	0	0	0	0	1731808
54	64	72154505	4792529002	0	0	0	0	0	0	1767920
55	64	72166565	4776579195	0	0	0	0	0	0	1804038
53	64	72159984	4789683859	0	0	0	0	0	0	1840146
50	64	72160991	4778378143	0	0	0	0	0	0	1876265
49	64	72161748	4780628363	0	0	0	0	0	0	1912378
52	64	72157500	4781569660	0	0	0	0	0	0	1948496
51	64	72159399	4786071238	0	0	0	0	0	0	1984607
48	64	72173402	4790107280	0	0	0	0	0	0	2020720
57	64	72173834	4789367011	0	0	0	0	0	0	2056842
63	64	72171641	4781120139	0	0	0	0	0	0	2092932
60	64	72153839	4789214635	0	0	0	0	0	0	2129033
61	64	72157449	4785244479	0	0	0	0	0	0	2165143
62	64	72155952	4781214190	0	0	0	0	0	0	2201251
59	64	72151400	4780796743	0	0	0	0	0	0	2237369
56	64	72161176	4789288662	0	0	0	0	0	0	2273483
58	64	72175190	4783534991	0	0	0	0	0	0	2309598
65	64	72164313	4792416763	0	0	0	0	0	0	2345712
67	64	72170533	4785424995	0	0	0	0	0	0	2381813
69	64	72161509	4782934486	0	0	0	0	0	0	2417912
70	64	72159123	4777799622	0	0	0	0	0	0	2454021
66	64	72172975	4790574375	0	0	0	0	0	0	2490137
64	64	72161001	4783704612	1	1	0	1	1	0	2526261
71	64	72160148	4788129056	0	0	0	0	0	0	2562376
68	64	72163100	4784756856	0	0	0	0	0	0	2598500
75	64	72167322	4783517780	0	0	0	0	0	0	2634614
74	64	72157417	4776654906	0	0	0	0	0	0	2670721
77	64	72158605	4775602055	0	0	0	0	0	0	2706840
76	64	72163303	4778586588	0	0	0	0	0	0	2742967
78	64	72153322	4788814695	0	0	0	0	0	0	2779072
72	64	72163857	4784929892	0	0	0	0	0	0	2815188
73	64	72158911	4789861779	0	0	0	0	0	0	2851287
79	64	72175044	4788620483	0	0	0	0	0	0	2887401
84	64	72157517	4784440297	0	0	0	0	0	0	2923504
87	64	72174517	4791947133	0	0	0	0	0	0	2959609
82	64	72165422	4778527912	0	0	0	0	0	0	2995727
80	64	72163438	4784498171	0	0	0	0	0	0	3031847
83	64	72167416	4785286953	0	0	0	0	0	0	3067948
85	64	72165986	4778221813	0	0	0	0	0	0	3104056
81	64	72163099	4792554272	0	0	0	0	0	0	3140170
86	64	72169075	4790968091	0	0	0	0	0	0	3176281
91	64	72158852	4783154617	0	0	0	0	0	0	3212373
95	64	72165645	4791425926	0	0	0	0	0	0	3248452
93	64	72158083	4777211090	0	0	0	0	0	0	3284556
88	64	72171631	4785910440	0	0	0	0	0	0	3320673
89	64	72172687	4787451845	0	0	0	0	0	0	3356793
90	64	72167927	4784667886	0	0	0	0	0	0	3392896
94	64	72155381	4786139669	0	0	0	0	0	0	3428996
92	64	72162275	4789190336	0	0	0	0	0	0	3465119
102	64	72140752	4781420752	0	0	0	0	0	0	3501290
101	64	72181341	4780563745	1	1	0	1	1	0	3537441
98	64	72151589	4784919013	0	0	0	0	0	0	3573549
103	64	72159581	4786814040	0	0	0	0	0	0	3609718
99	64	72161495	4797233249	0	0	0	0	0	0	3645820
97	64	72162064	4780020717	0	0	0	0	0	0	3681926
96	64	72162664	4782146983	0	0	0	0	0	0	3718035
100	64	72162599	4791802162	0	0	0	0	0	0	3754208
108	64	72173433	4789504611	0	0	0	0	0	0	3790394
111	64	72157405	4785400848	0	0	0	0	0	0	3826568
105	64	72160679	4781246282	0	0	0	0	0	0	3862737
110	64	72166338	4778746706	0	0	0	0	0	0	3898899
106	64	72166763	4789451077	0	0	0	0	0	0	3935081
109	64	72165226	4785619334	0	0	0	0	0	0	3971257
107	64	72149568	4789197827	0	0	0	0	0	0	4007427
104	64	72171417	4787225706	0	0	0	0	0	0	4043604
114	64	72158413	4772057668	0	0	0	0	0	0	4079784
116	64	72162860	4788727910	0	0	0	0	0	0	4115963
115	64	72163192	4776370406	0	0	0	0	0	0	4152132
118	64	72155760	4785794155	0	0	0	0	0	0	4188307
113	64	72170918	4788667620	0	0	0	0	0	0	4224478
117	64	72170105	4782629273	0	0	0	0	0	0	4260654
119	64	72175363	4786282334	0	0	0	0	0	0	4296826
112	64	72161349	4778224401	0	0	0	0	0	0	4333019
127	64	72167922	4785853352	0	0	0	0	0	0	4369175
124	64	72171669	4780284778	0	0	0	0	0	0	4405351
126	64	72166554	4780810416	0	0	0	0	0	0	4441531
125	64	72158843	4782076781	0	0	0	0	0	0	4477707
123	64	72155033	4789540055	0	0	0	0	0	0	4513877
122	64	72178489	4783006239	1	0	0	1	0	0	4550041
120	64	72157204	4780689889	0	0	0	0	0	0	4586223
121	64	72147505	4778951329	0	0	0	0	0	0	4622411
132	64	72163292	4781964153	0	0	0	0	0	0	4658577
134	64	72155309	4780756435	0	0	0	0	0	0	4694760
135	64	72152088	4779146469	0	0	0	0	0	0	4730943
129	64	72153638	4789927415	0	0	0	0	0	0	4767118
133	64	72161809	4779252987	0	0	0	0	0	0	4803290
130	64	72168004	4780212609	0	0	0	0	0	0	4839469
131	64	72158941	4787374263	0	0	0	0	0	0	4875637
128	64	72154335	4788704596	0	0	0	0	0	0	4911826
140	64	72156876	4784556735	0	0	0	0	0	0	4948001
137	64	72167176	4782313678	0	0	0	0	0	0	4984177
138	64	72151872	4781541146	0	0	0	0	0	0	5020354
136	64	72168177	4779124959	0	0	0	0	0	0	5056543
143	64	72161958	4782541368	0	0	0	0	0	0	5092715
142	64	72170269	4775406331	0	0	0	0	0	0	5128889
141	64	72166548	4776076162	0	0	0	0	0	0	5165058
139	64	72159146	4779642338	0	0	0	0	0	0	5201232
147	64	72168048	4797933761	0	0	0	0	0	0	5237397
146	64	72160164	4786434732	0	0	0	0	0	0	5273563
151	64	72168514	4779847898	0	0	0	0	0	0	5309743
149	64	72154836	4782458128	0	0	0	0	0	0	5345922
145	64	72170843	4787353073	2	1	0	2	1	0	5382097
144	64	72161995	4789818952	0	0	0	0	0	0	5418270
148	64	72170887	4779690607	0	0	0	0	0	0	5454454
150	64	72174692	4787382033	0	0	0	0	0	0	5490629
155	64	72162617	4791684379	0	0	0	0	0	0	5526797
154	64	72171260	4782832746	0	0	0	0	0	0	5562962
152	64	72159420	4784435076	0	0	0	0	0	0	5599137
156	64	72167358	4784618949	0	0	0	0	0	0	5635358
153	64	72164871	4788334785	0	0	0	0	0	0	5671527
157	64	72149319	4778993992	0	0	0	0	0	0	5707764
158	64	72158255	4792469997	0	0	0	0	0	0	5743999
159	64	72166779	4787473372	0	0	0	0	0	0	5780246
166	64	72151112	4776894186	0	0	0	0	0	0	5816484
165	64	72163053	4775703857	0	0	0	0	0	0	5852736
160	64	72174388	4790802737	0	0	0	0	0	0	5888987
162	64	72146716	4785175106	0	0	0	0	0	0	5925224
163	64	72163100	4790877105	0	0	0	0	0	0	5961450
167	64	72174297	4779118404	0	0	0	0	0	0	5997685
161	64	72161780	4780307060	0	0	0	0	0	0	6033923
164	64	72162394	4787402656	0	0	0	0	0	0	6070161
173	39	43962539	2914345492	0	0	0	0	0	0	6092250
172	64	72150567	4789950015	0	0	0	0	0	0	6128484
171	64	72158148	4778151588	0	0	0	0	0	0	6164734
168	64	72164492	4790674669	0	0	0	0	0	0	6200977
169	64	72167671	4782331080	0	0	0	0	0	0	6237224
170	64	72152485	4784537663	0	0	0	0	0	0	6273451
